trialNumber,accuracy,reactionTime,responseKey,stimulusType,noise,bigBlock,trialType,isProbe,probeType,showAxes,stimSlope,stimN,stimRSquared,Cue,0.35,0.225
207,TRUE,667,A,A,0.35,2,probe,TRUE,switchSlope,FALSE,0.756912,10,0.54442,trend,0.603448276,0.74137931
210,TRUE,550,L,B,0.35,2,probe,TRUE,switchSlope,FALSE,-0.375494,24,0.089995,trend,,
214,TRUE,417,A,B,0.35,2,probe,TRUE,switchSlope,FALSE,-0.354426,24,0.113315,n,,
221,TRUE,400,L,A,0.35,2,probe,TRUE,switchSlope,FALSE,-0.104286,11,0.007155,n,,
222,TRUE,384,L,A,0.35,2,probe,TRUE,switchN,FALSE,-0.494213,24,0.177595,trend,,
225,TRUE,467,A,B,0.35,2,probe,TRUE,switchN,FALSE,0.590101,9,0.309168,trend,,
230,TRUE,534,A,A,0.35,2,probe,TRUE,switchN,FALSE,-0.124072,24,0.016993,n,,
232,TRUE,416,A,B,0.35,2,probe,TRUE,switchN,FALSE,0.541301,10,0.311183,trend,,
237,TRUE,450,A,A,0.35,2,probe,TRUE,switchSlope,FALSE,0.569737,9,0.279259,trend,,
239,TRUE,650,L,B,0.35,2,probe,TRUE,switchSlope,FALSE,-0.241651,25,0.043361,trend,,
240,TRUE,367,A,B,0.35,2,probe,TRUE,switchSlope,FALSE,-0.457065,24,0.184839,n,,
242,TRUE,584,L,A,0.35,2,probe,TRUE,switchSlope,FALSE,0.198422,8,0.049644,n,,
244,TRUE,650,A,B,0.35,2,probe,TRUE,switchN,FALSE,0.618745,10,0.304411,trend,,
246,TRUE,416,A,A,0.35,2,probe,TRUE,switchSlope,FALSE,0.631488,9,0.372448,trend,,
247,TRUE,434,L,A,0.35,2,probe,TRUE,switchN,FALSE,-0.655781,24,0.236645,trend,,
248,TRUE,767,A,B,0.35,2,probe,TRUE,switchN,FALSE,0.184043,9,0.055335,trend,,
253,TRUE,434,A,B,0.35,2,probe,TRUE,switchSlope,FALSE,-0.078724,22,0.004528,n,,
255,TRUE,633,L,B,0.35,2,probe,TRUE,switchN,FALSE,-0.606511,9,0.174088,n,,
256,TRUE,400,L,A,0.35,2,probe,TRUE,switchN,FALSE,-0.164816,22,0.030748,trend,,
257,TRUE,483,A,B,0.35,2,probe,TRUE,switchN,FALSE,0.106363,11,0.046136,trend,,
259,TRUE,733,A,A,0.35,2,probe,TRUE,switchN,FALSE,-0.208132,25,0.045232,n,,
265,TRUE,384,A,B,0.35,2,probe,TRUE,switchN,FALSE,0.028527,8,0.001636,trend,,
266,TRUE,417,A,B,0.35,2,probe,TRUE,switchSlope,FALSE,-0.21216,22,0.06154,n,,
273,TRUE,533,L,A,0.35,2,probe,TRUE,switchSlope,FALSE,0.224421,9,0.0434,n,,
274,TRUE,417,L,A,0.35,2,probe,TRUE,switchSlope,FALSE,-0.005284,8,0.000063,n,,
276,TRUE,717,L,B,0.35,2,probe,TRUE,switchSlope,FALSE,-0.632982,23,0.385607,trend,,
278,TRUE,517,A,B,0.35,2,probe,TRUE,switchN,FALSE,1.14387,8,0.884225,trend,,
285,TRUE,483,A,B,0.35,2,probe,TRUE,switchSlope,FALSE,-0.284763,22,0.058408,n,,
286,TRUE,616,A,A,0.35,2,probe,TRUE,switchSlope,FALSE,0.370255,11,0.147226,trend,,
289,TRUE,417,A,A,0.35,2,probe,TRUE,switchSlope,FALSE,0.034794,9,0.001061,trend,,
292,TRUE,316,A,B,0.35,2,probe,TRUE,switchN,FALSE,0.625973,9,0.368053,trend,,
296,TRUE,417,A,B,0.35,2,probe,TRUE,switchN,FALSE,0.516195,8,0.177926,trend,,
298,TRUE,467,A,A,0.35,2,probe,TRUE,switchN,FALSE,-0.158465,22,0.042067,n,,
299,TRUE,550,A,B,0.35,2,probe,TRUE,switchN,FALSE,0.54343,11,0.415116,trend,,
305,TRUE,433,L,B,0.35,2,probe,TRUE,switchSlope,FALSE,-0.551884,25,0.213707,trend,,
306,TRUE,517,A,A,0.35,2,probe,TRUE,switchSlope,FALSE,0.735406,9,0.462805,trend,,
308,TRUE,400,L,B,0.35,2,probe,TRUE,switchSlope,FALSE,-0.854342,25,0.404652,trend,,
311,TRUE,517,A,A,0.35,2,probe,TRUE,switchN,FALSE,-0.03004,23,0.000932,n,,
312,TRUE,500,A,B,0.35,2,probe,TRUE,switchN,FALSE,0.745,11,0.348123,trend,,
314,TRUE,383,A,A,0.35,2,probe,TRUE,switchN,FALSE,-0.069375,24,0.005545,n,,
315,TRUE,417,A,B,0.35,2,probe,TRUE,switchSlope,FALSE,-0.064904,23,0.004002,n,,
319,TRUE,400,A,A,0.35,2,probe,TRUE,switchN,FALSE,-0.48675,25,0.160334,n,,
320,TRUE,366,A,A,0.35,2,probe,TRUE,switchN,FALSE,-0.292766,24,0.064991,n,,
321,TRUE,383,A,B,0.35,2,probe,TRUE,switchN,FALSE,0.485465,11,0.221339,trend,,
327,TRUE,350,L,B,0.35,2,probe,TRUE,switchSlope,FALSE,-0.468123,22,0.237228,trend,,
328,TRUE,400,L,B,0.35,2,probe,TRUE,switchSlope,FALSE,-1.006015,24,0.622857,trend,,
331,TRUE,450,L,A,0.35,2,probe,TRUE,switchN,FALSE,-0.413935,23,0.100374,trend,,
334,TRUE,500,L,B,0.35,2,probe,TRUE,switchSlope,FALSE,-0.535268,22,0.305514,trend,,
341,TRUE,533,A,A,0.35,2,probe,TRUE,switchN,FALSE,-0.682237,23,0.286801,n,,
347,TRUE,517,A,A,0.35,2,probe,TRUE,switchN,FALSE,-0.471046,23,0.143084,n,,
349,TRUE,583,L,B,0.35,2,probe,TRUE,switchSlope,FALSE,-0.531473,24,0.288754,trend,,
351,TRUE,466,L,A,0.35,2,probe,TRUE,switchSlope,FALSE,0.466318,11,0.123456,n,,
352,TRUE,717,A,B,0.35,2,probe,TRUE,switchSlope,FALSE,-0.347304,24,0.151031,n,,
353,TRUE,467,A,A,0.35,2,probe,TRUE,switchSlope,FALSE,0.511192,10,0.202158,trend,,
355,TRUE,566,A,A,0.35,2,probe,TRUE,switchSlope,FALSE,0.469099,8,0.271833,trend,,
358,TRUE,650,L,B,0.35,2,probe,TRUE,switchN,FALSE,0.145442,8,0.019044,n,,
361,TRUE,550,L,A,0.35,2,probe,TRUE,switchN,FALSE,-0.298624,22,0.099249,trend,,
362,TRUE,434,L,A,0.35,2,probe,TRUE,switchN,FALSE,-0.723965,23,0.372916,trend,,
23,TRUE,416,A,A,0.225,1,probe,TRUE,switchSlope,FALSE,0.440399,10,0.342973,trend,,
26,TRUE,583,L,B,0.225,1,probe,TRUE,switchSlope,FALSE,-0.406621,24,0.251854,trend,,
30,TRUE,434,L,B,0.225,1,probe,TRUE,switchSlope,FALSE,-0.743477,24,0.461195,trend,,
41,TRUE,517,A,A,0.225,1,probe,TRUE,switchSlope,FALSE,0.445568,11,0.493556,trend,,
42,TRUE,417,L,A,0.225,1,probe,TRUE,switchN,FALSE,-0.369794,24,0.201035,trend,,
45,TRUE,484,A,B,0.225,1,probe,TRUE,switchN,FALSE,0.645805,9,0.479357,trend,,
48,TRUE,717,A,A,0.225,1,probe,TRUE,switchN,FALSE,-0.431033,24,0.248364,n,,
50,TRUE,550,A,B,0.225,1,probe,TRUE,switchN,FALSE,0.718251,10,0.446592,trend,,
57,TRUE,833,L,A,0.225,1,probe,TRUE,switchSlope,FALSE,0.755196,9,0.643517,n,,
59,TRUE,517,L,B,0.225,1,probe,TRUE,switchSlope,FALSE,-0.515935,25,0.374727,trend,,
60,TRUE,600,L,B,0.225,1,probe,TRUE,switchSlope,FALSE,-0.8012,24,0.54713,trend,,
62,TRUE,533,A,A,0.225,1,probe,TRUE,switchSlope,FALSE,0.226288,8,0.219516,trend,,
64,TRUE,467,A,B,0.225,1,probe,TRUE,switchN,FALSE,0.474472,10,0.645959,trend,,
66,TRUE,500,A,A,0.225,1,probe,TRUE,switchSlope,FALSE,0.498581,9,0.440315,trend,,
67,TRUE,417,L,A,0.225,1,probe,TRUE,switchN,FALSE,-0.633364,24,0.522229,trend,,
68,TRUE,300,L,B,0.225,1,probe,TRUE,switchN,FALSE,0.534677,9,0.433299,n,,
73,TRUE,433,A,B,0.225,1,probe,TRUE,switchSlope,FALSE,-0.461057,22,0.368796,n,,
75,TRUE,1717,A,B,0.225,1,probe,TRUE,switchN,FALSE,0.349197,9,0.350176,trend,,
76,TRUE,667,L,A,0.225,1,probe,TRUE,switchN,FALSE,-0.59228,22,0.410474,trend,,
77,TRUE,850,L,B,0.225,1,probe,TRUE,switchN,FALSE,0.178742,11,0.09179,n,,
79,TRUE,450,L,A,0.225,1,probe,TRUE,switchN,FALSE,-0.63715,25,0.466055,trend,,
85,TRUE,750,A,B,0.225,1,probe,TRUE,switchN,FALSE,0.376419,8,0.424946,trend,,
86,TRUE,533,A,B,0.225,1,probe,TRUE,switchSlope,FALSE,-0.055584,22,0.004074,n,,
93,TRUE,716,L,A,0.225,1,probe,TRUE,switchSlope,FALSE,0.416629,9,0.17985,n,,
94,TRUE,783,A,A,0.225,1,probe,TRUE,switchSlope,FALSE,0.325418,8,0.204692,trend,,
96,TRUE,500,L,B,0.225,1,probe,TRUE,switchSlope,FALSE,-0.583787,23,0.585185,trend,,
98,TRUE,684,A,B,0.225,1,probe,TRUE,switchN,FALSE,0.141528,8,0.032148,trend,,
105,TRUE,433,L,B,0.225,1,probe,TRUE,switchSlope,FALSE,-0.494801,22,0.322171,trend,,
106,TRUE,416,A,A,0.225,1,probe,TRUE,switchSlope,FALSE,0.448891,11,0.552311,trend,,
109,TRUE,417,A,A,0.225,1,probe,TRUE,switchSlope,FALSE,0.161824,9,0.04433,trend,,
112,TRUE,333,A,B,0.225,1,probe,TRUE,switchN,FALSE,0.753802,9,0.904239,trend,,
116,TRUE,384,A,B,0.225,1,probe,TRUE,switchN,FALSE,0.531729,8,0.702426,trend,,
118,TRUE,416,A,A,0.225,1,probe,TRUE,switchN,FALSE,-0.414154,22,0.337783,n,,
119,TRUE,534,A,B,0.225,1,probe,TRUE,switchN,FALSE,0.296894,11,0.09216,trend,,
125,TRUE,751,A,B,0.225,1,probe,TRUE,switchSlope,FALSE,-0.248307,25,0.064576,n,,
126,TRUE,750,L,A,0.225,1,probe,TRUE,switchSlope,FALSE,0.553171,9,0.541209,n,,
128,TRUE,550,A,B,0.225,1,probe,TRUE,switchSlope,FALSE,-0.179967,25,0.069877,n,,
131,TRUE,433,A,A,0.225,1,probe,TRUE,switchN,FALSE,-0.147574,23,0.045355,n,,
132,TRUE,417,A,B,0.225,1,probe,TRUE,switchN,FALSE,0.203531,11,0.124547,trend,,
134,TRUE,500,L,A,0.225,1,probe,TRUE,switchN,FALSE,-0.501226,24,0.267043,trend,,
135,TRUE,933,L,B,0.225,1,probe,TRUE,switchSlope,FALSE,-0.787561,23,0.495304,trend,,
139,TRUE,550,L,A,0.225,1,probe,TRUE,switchN,FALSE,-0.539076,25,0.464416,trend,,
140,TRUE,550,L,A,0.225,1,probe,TRUE,switchN,FALSE,-0.637686,24,0.391835,trend,,
141,TRUE,467,A,B,0.225,1,probe,TRUE,switchN,FALSE,0.259989,11,0.174071,trend,,
149,TRUE,666,L,B,0.225,1,probe,TRUE,switchSlope,FALSE,-0.606739,22,0.458549,trend,,
150,TRUE,467,L,B,0.225,1,probe,TRUE,switchSlope,FALSE,-0.530697,24,0.495671,trend,,
153,TRUE,450,L,A,0.225,1,probe,TRUE,switchN,FALSE,-0.640559,23,0.561093,trend,,
156,TRUE,683,L,B,0.225,1,probe,TRUE,switchSlope,FALSE,-0.287496,22,0.144561,trend,,
161,TRUE,433,A,A,0.225,1,probe,TRUE,switchN,FALSE,-0.483901,23,0.333657,n,,
167,TRUE,484,L,A,0.225,1,probe,TRUE,switchN,FALSE,-0.825071,23,0.426519,trend,,
169,TRUE,500,L,B,0.225,1,probe,TRUE,switchSlope,FALSE,-0.307667,24,0.208652,trend,,
171,TRUE,433,A,A,0.225,1,probe,TRUE,switchSlope,FALSE,0.487228,11,0.393897,trend,,
172,TRUE,466,A,B,0.225,1,probe,TRUE,switchSlope,FALSE,-0.098287,24,0.021905,n,,
173,TRUE,383,A,A,0.225,1,probe,TRUE,switchSlope,FALSE,0.735701,10,0.509629,trend,,
175,TRUE,500,A,A,0.225,1,probe,TRUE,switchSlope,FALSE,0.457603,8,0.340307,trend,,
178,TRUE,517,A,B,0.225,1,probe,TRUE,switchN,FALSE,0.576611,8,0.368133,trend,,
181,TRUE,584,L,A,0.225,1,probe,TRUE,switchN,FALSE,-0.735291,22,0.586605,trend,,
182,TRUE,383,A,A,0.225,1,probe,TRUE,switchN,FALSE,-0.409501,23,0.301732,n,,
183,TRUE,584,L,A,0.35,2,explanation,FALSE,,FALSE,-0.808468,8,0.724644,n,,
184,TRUE,500,A,B,0.35,2,explanation,FALSE,,FALSE,0.730838,25,0.334868,n,,
185,TRUE,433,A,B,0.35,2,training,FALSE,,FALSE,0.514825,24,0.16968,n,,
186,TRUE,433,A,B,0.35,2,training,FALSE,,FALSE,0.63325,23,0.327889,n,,
187,TRUE,366,A,B,0.35,2,training,FALSE,,FALSE,0.485159,24,0.242608,n,,
188,TRUE,400,L,A,0.35,2,training,FALSE,,FALSE,-0.610738,9,0.274376,n,,
189,TRUE,500,L,A,0.35,2,training,FALSE,,FALSE,-0.140277,8,0.125882,n,,
190,TRUE,366,A,B,0.35,2,training,FALSE,,FALSE,0.343881,23,0.110194,n,,
191,TRUE,416,A,B,0.35,2,training,FALSE,,FALSE,-0.091105,24,0.008368,n,,
192,TRUE,433,L,A,0.35,2,training,FALSE,,FALSE,-1.029844,10,0.559116,n,,
193,FALSE,400,L,B,0.35,2,training,FALSE,,FALSE,-0.072253,24,0.008432,trend,,
194,TRUE,433,L,A,0.35,2,training,FALSE,,FALSE,-0.094115,10,0.010833,n,,
195,TRUE,467,A,B,0.35,2,training,FALSE,,FALSE,0.182535,25,0.042132,n,,
196,TRUE,450,L,A,0.35,2,training,FALSE,,FALSE,-0.424883,8,0.248812,n,,
197,FALSE,550,A,A,0.35,2,training,FALSE,,FALSE,0.022764,10,0.000806,trend,,
198,TRUE,450,L,A,0.35,2,training,FALSE,,FALSE,-0.655683,8,0.726947,n,,
199,TRUE,700,A,B,0.35,2,training,FALSE,,FALSE,-0.047311,24,0.001402,n,,
200,TRUE,567,L,A,0.35,2,training,FALSE,,FALSE,-0.635831,9,0.345828,n,,
201,TRUE,450,A,B,0.35,2,training,FALSE,,FALSE,0.947226,22,0.427089,n,,
202,FALSE,550,A,A,0.35,2,training,FALSE,,FALSE,0.253297,9,0.063986,trend,,
203,TRUE,333,A,B,0.35,2,training,FALSE,,FALSE,0.264074,24,0.062108,n,,
204,FALSE,366,A,A,0.35,2,training,FALSE,,FALSE,-0.827098,10,0.465002,trend,,
205,TRUE,600,A,B,0.35,2,explanation,FALSE,,FALSE,0.668474,22,0.411175,n,,
206,TRUE,667,L,A,0.35,2,explanation,FALSE,,FALSE,-0.921593,11,0.742646,n,,
208,TRUE,600,A,B,0.35,2,regular,FALSE,,FALSE,0.395623,24,0.187133,n,,
209,FALSE,566,L,B,0.35,2,regular,FALSE,,FALSE,0.05758,22,0.003392,trend,,
211,TRUE,484,A,B,0.35,2,regular,FALSE,,FALSE,0.281571,23,0.064553,n,,
212,TRUE,417,A,B,0.35,2,regular,FALSE,,FALSE,0.307699,22,0.070764,n,,
213,TRUE,433,A,B,0.35,2,regular,FALSE,,FALSE,0.32753,25,0.101406,n,,
215,TRUE,350,A,B,0.35,2,regular,FALSE,,FALSE,0.368659,22,0.078809,n,,
216,FALSE,417,A,A,0.35,2,regular,FALSE,,FALSE,-0.214912,11,0.05989,trend,,
217,TRUE,300,A,B,0.35,2,regular,FALSE,,FALSE,0.381241,22,0.132392,n,,
218,TRUE,534,L,A,0.35,2,regular,FALSE,,FALSE,-0.863776,8,0.584839,n,,
219,TRUE,517,L,A,0.35,2,regular,FALSE,,FALSE,-0.479292,11,0.231556,n,,
220,TRUE,433,L,A,0.35,2,regular,FALSE,,FALSE,-0.507262,10,0.156444,n,,
223,TRUE,333,L,A,0.35,2,regular,FALSE,,FALSE,-0.625102,9,0.430372,n,,
224,FALSE,367,L,B,0.35,2,regular,FALSE,,FALSE,0.298585,24,0.09454,trend,,
226,FALSE,450,A,A,0.35,2,regular,FALSE,,FALSE,-0.276335,9,0.084707,trend,,
227,TRUE,833,L,A,0.35,2,explanation,FALSE,,FALSE,-0.729004,8,0.564498,n,,
228,TRUE,600,A,B,0.35,2,explanation,FALSE,,FALSE,0.09593,23,0.008937,n,,
229,TRUE,500,A,B,0.35,2,regular,FALSE,,FALSE,0.542204,23,0.181408,n,,
231,TRUE,433,A,B,0.35,2,regular,FALSE,,FALSE,0.615133,25,0.373374,n,,
233,TRUE,500,L,A,0.35,2,regular,FALSE,,FALSE,-0.609696,8,0.307003,n,,
234,TRUE,434,L,A,0.35,2,regular,FALSE,,FALSE,-0.484175,9,0.241925,n,,
235,FALSE,650,A,A,0.35,2,regular,FALSE,,FALSE,0.057379,11,0.004853,trend,,
236,TRUE,834,L,A,0.35,2,regular,FALSE,,FALSE,-0.053806,10,0.002269,n,,
238,TRUE,450,A,B,0.35,2,regular,FALSE,,FALSE,0.416171,24,0.225324,n,,
241,TRUE,350,A,B,0.35,2,regular,FALSE,,FALSE,0.488518,24,0.154849,n,,
243,TRUE,533,L,A,0.35,2,regular,FALSE,,FALSE,-0.137845,10,0.037684,n,,
245,TRUE,517,A,B,0.35,2,regular,FALSE,,FALSE,0.380969,24,0.140038,n,,
249,TRUE,500,L,A,0.35,2,regular,FALSE,,FALSE,-0.491616,9,0.299456,n,,
250,FALSE,433,A,A,0.35,2,regular,FALSE,,FALSE,-0.379843,9,0.126811,trend,,
251,TRUE,467,L,A,0.35,2,regular,FALSE,,FALSE,-0.512429,9,0.150219,n,,
252,TRUE,534,A,B,0.35,2,regular,FALSE,,FALSE,0.189202,23,0.030942,n,,
254,TRUE,517,A,B,0.35,2,regular,FALSE,,FALSE,0.674709,25,0.302501,n,,
258,TRUE,450,L,A,0.35,2,regular,FALSE,,FALSE,-0.454654,11,0.198741,n,,
260,TRUE,550,A,B,0.35,2,regular,FALSE,,FALSE,-0.02474,22,0.000376,n,,
261,TRUE,433,A,B,0.35,2,regular,FALSE,,FALSE,0.065411,25,0.003748,n,,
262,TRUE,466,A,B,0.35,2,regular,FALSE,,FALSE,0.355823,25,0.128371,n,,
263,TRUE,367,A,B,0.35,2,regular,FALSE,,FALSE,0.259231,22,0.059626,n,,
264,FALSE,417,A,A,0.35,2,regular,FALSE,,FALSE,-0.571859,9,0.202466,trend,,
267,TRUE,483,L,A,0.35,2,regular,FALSE,,FALSE,-0.571939,10,0.315354,n,,
268,TRUE,516,A,B,0.35,2,regular,FALSE,,FALSE,0.251851,25,0.064811,n,,
269,TRUE,400,A,B,0.35,2,regular,FALSE,,FALSE,0.376223,23,0.103847,n,,
270,TRUE,483,A,B,0.35,2,regular,FALSE,,FALSE,0.084321,24,0.005044,n,,
271,TRUE,583,L,A,0.35,2,regular,FALSE,,FALSE,-0.345892,9,0.281268,n,,
272,TRUE,500,L,A,0.35,2,regular,FALSE,,FALSE,-0.210569,10,0.132495,n,,
275,TRUE,434,A,B,0.35,2,regular,FALSE,,FALSE,0.429762,25,0.223207,n,,
277,TRUE,534,A,B,0.35,2,regular,FALSE,,FALSE,0.920162,24,0.443264,n,,
279,TRUE,617,L,A,0.35,2,regular,FALSE,,FALSE,-0.119238,8,0.028589,n,,
280,TRUE,517,L,A,0.35,2,regular,FALSE,,FALSE,-0.624709,10,0.37916,n,,
281,TRUE,450,A,B,0.35,2,regular,FALSE,,FALSE,0.387891,23,0.131985,n,,
282,FALSE,350,A,A,0.35,2,regular,FALSE,,FALSE,-0.457098,10,0.248102,trend,,
283,TRUE,517,L,A,0.35,2,regular,FALSE,,FALSE,0.176769,11,0.036269,n,,
284,TRUE,583,L,A,0.35,2,regular,FALSE,,FALSE,-0.024026,10,0.000614,n,,
287,TRUE,517,A,B,0.35,2,regular,FALSE,,FALSE,0.113454,22,0.01155,n,,
288,TRUE,500,A,B,0.35,2,regular,FALSE,,FALSE,0.401176,23,0.147961,n,,
290,TRUE,400,A,B,0.35,2,regular,FALSE,,FALSE,0.212324,23,0.049499,n,,
291,TRUE,383,A,B,0.35,2,regular,FALSE,,FALSE,0.607849,24,0.291982,n,,
293,TRUE,433,L,A,0.35,2,regular,FALSE,,FALSE,-0.083273,9,0.00533,n,,
294,TRUE,567,L,A,0.35,2,regular,FALSE,,FALSE,-0.428367,11,0.121499,n,,
295,TRUE,483,A,B,0.35,2,regular,FALSE,,FALSE,0.642365,24,0.296257,n,,
297,FALSE,416,A,A,0.35,2,regular,FALSE,,FALSE,-0.767459,11,0.487668,trend,,
300,TRUE,450,A,B,0.35,2,regular,FALSE,,FALSE,-0.174235,22,0.023919,n,,
301,TRUE,383,A,B,0.35,2,regular,FALSE,,FALSE,0.03133,22,0.00144,n,,
302,TRUE,316,A,B,0.35,2,regular,FALSE,,FALSE,0.100257,22,0.014405,n,,
303,TRUE,417,L,A,0.35,2,regular,FALSE,,FALSE,-0.704301,8,0.48791,n,,
304,TRUE,334,L,A,0.35,2,regular,FALSE,,FALSE,-0.087531,10,0.004449,n,,
307,TRUE,517,L,A,0.35,2,regular,FALSE,,FALSE,-0.388117,8,0.231993,n,,
309,TRUE,467,L,A,0.35,2,regular,FALSE,,FALSE,-0.61356,8,0.170712,n,,
310,TRUE,483,L,A,0.35,2,regular,FALSE,,FALSE,0.139635,11,0.031735,n,,
313,TRUE,483,A,B,0.35,2,regular,FALSE,,FALSE,0.372291,22,0.15158,n,,
316,TRUE,533,A,B,0.35,2,regular,FALSE,,FALSE,0.294945,22,0.075741,n,,
317,TRUE,617,L,A,0.35,2,regular,FALSE,,FALSE,-0.287944,8,0.089363,n,,
318,TRUE,433,A,B,0.35,2,regular,FALSE,,FALSE,0.790789,25,0.364321,n,,
322,FALSE,417,A,A,0.35,2,regular,FALSE,,FALSE,-0.23718,11,0.100258,trend,,
323,TRUE,516,L,A,0.35,2,regular,FALSE,,FALSE,-0.448354,9,0.187196,n,,
324,TRUE,500,A,B,0.35,2,regular,FALSE,,FALSE,0.355324,23,0.182963,n,,
325,TRUE,417,L,A,0.35,2,regular,FALSE,,FALSE,-0.464129,8,0.51477,n,,
326,TRUE,467,L,A,0.35,2,regular,FALSE,,FALSE,-0.260666,10,0.145172,n,,
329,TRUE,400,A,B,0.35,2,regular,FALSE,,FALSE,0.302465,23,0.073167,n,,
330,TRUE,517,L,A,0.35,2,regular,FALSE,,FALSE,-0.84797,10,0.437429,n,,
332,FALSE,450,A,A,0.35,2,regular,FALSE,,FALSE,0.100786,8,0.012011,trend,,
333,TRUE,567,A,B,0.35,2,regular,FALSE,,FALSE,0.313916,25,0.089587,n,,
335,TRUE,417,A,B,0.35,2,regular,FALSE,,FALSE,0.327951,22,0.083087,n,,
336,FALSE,400,L,B,0.35,2,regular,FALSE,,FALSE,-0.014941,25,0.000223,trend,,
337,FALSE,567,A,A,0.35,2,explanation,FALSE,,FALSE,-0.351361,11,0.073983,trend,,
338,TRUE,900,A,B,0.35,2,explanation,FALSE,,FALSE,0.133812,22,0.013713,n,,
339,TRUE,633,A,B,0.35,2,regular,FALSE,,FALSE,0.316161,22,0.117088,n,,
340,TRUE,417,A,B,0.35,2,regular,FALSE,,FALSE,0.213639,22,0.06629,n,,
342,TRUE,350,A,B,0.35,2,regular,FALSE,,FALSE,0.155304,25,0.022961,n,,
343,FALSE,450,A,A,0.35,2,regular,FALSE,,FALSE,-0.62301,11,0.26608,trend,,
344,TRUE,416,A,B,0.35,2,regular,FALSE,,FALSE,0.569918,25,0.303501,n,,
345,TRUE,517,L,A,0.35,2,regular,FALSE,,FALSE,-0.440482,9,0.126834,n,,
346,TRUE,366,A,B,0.35,2,regular,FALSE,,FALSE,0.325094,22,0.100025,n,,
348,TRUE,567,L,A,0.35,2,regular,FALSE,,FALSE,-0.376364,11,0.103534,n,,
350,TRUE,534,L,A,0.35,2,regular,FALSE,,FALSE,-0.381614,11,0.14309,n,,
354,TRUE,467,A,B,0.35,2,regular,FALSE,,FALSE,0.365476,24,0.122485,n,,
356,TRUE,550,L,A,0.35,2,regular,FALSE,,FALSE,-0.093759,9,0.014668,n,,
357,TRUE,534,L,A,0.35,2,regular,FALSE,,FALSE,0.047642,10,0.006229,n,,
359,TRUE,484,L,A,0.35,2,regular,FALSE,,FALSE,-0.703599,8,0.497778,n,,
360,TRUE,584,L,A,0.35,2,regular,FALSE,,FALSE,-0.278931,11,0.090115,n,,
1,TRUE,1751,A,B,0.225,1,explanation,FALSE,,FALSE,0.4275,23,0.273874,n,,
2,TRUE,834,L,A,0.225,1,explanation,FALSE,,FALSE,-0.3857,8,0.146326,n,,
3,TRUE,500,L,A,0.225,1,training,FALSE,,FALSE,-0.659631,10,0.692609,n,,
4,TRUE,433,L,A,0.225,1,training,FALSE,,FALSE,-0.793321,8,0.782338,n,,
5,TRUE,483,L,A,0.225,1,training,FALSE,,FALSE,-0.479934,10,0.263758,n,,
6,TRUE,567,A,B,0.225,1,training,FALSE,,FALSE,0.100413,22,0.016743,n,,
7,TRUE,533,A,B,0.225,1,training,FALSE,,FALSE,0.379408,23,0.300029,n,,
8,TRUE,517,A,B,0.225,1,training,FALSE,,FALSE,0.69501,25,0.415586,n,,
9,TRUE,500,L,A,0.225,1,training,FALSE,,FALSE,-0.291947,11,0.149699,n,,
10,TRUE,834,A,B,0.225,1,training,FALSE,,FALSE,0.450786,24,0.420159,n,,
11,TRUE,433,L,A,0.225,1,training,FALSE,,FALSE,-0.472085,9,0.31098,n,,
12,TRUE,450,L,A,0.225,1,training,FALSE,,FALSE,-0.667061,10,0.738159,n,,
13,TRUE,567,A,B,0.225,1,training,FALSE,,FALSE,0.495537,23,0.371311,n,,
14,TRUE,466,L,A,0.225,1,training,FALSE,,FALSE,-0.464668,9,0.216967,n,,
15,TRUE,516,A,B,0.225,1,training,FALSE,,FALSE,0.640299,24,0.460479,n,,
16,TRUE,500,L,A,0.225,1,training,FALSE,,FALSE,-0.234155,9,0.193347,n,,
17,FALSE,517,A,A,0.225,1,training,FALSE,,FALSE,-0.324544,11,0.134525,trend,,
18,TRUE,550,A,B,0.225,1,training,FALSE,,FALSE,0.076692,22,0.011071,n,,
19,TRUE,533,A,B,0.225,1,training,FALSE,,FALSE,0.840324,25,0.472515,n,,
20,TRUE,467,L,A,0.225,1,training,FALSE,,FALSE,-0.411609,8,0.174087,n,,
21,TRUE,450,A,B,0.225,1,training,FALSE,,FALSE,0.374387,22,0.203672,n,,
22,TRUE,500,A,B,0.225,1,training,FALSE,,FALSE,0.530597,24,0.46578,n,,
24,TRUE,483,A,B,0.225,1,regular,FALSE,,FALSE,0.670855,25,0.572977,n,,
25,TRUE,384,A,B,0.225,1,regular,FALSE,,FALSE,0.708193,25,0.512453,n,,
27,TRUE,467,A,B,0.225,1,regular,FALSE,,FALSE,0.298359,22,0.097956,n,,
28,TRUE,500,A,B,0.225,1,regular,FALSE,,FALSE,0.389891,23,0.218128,n,,
29,TRUE,417,A,B,0.225,1,regular,FALSE,,FALSE,0.896329,25,0.561426,n,,
31,FALSE,584,L,B,0.225,1,regular,FALSE,,FALSE,0.435209,25,0.27708,trend,,
32,FALSE,617,A,A,0.225,1,regular,FALSE,,FALSE,-0.820132,10,0.815396,trend,,
33,TRUE,1567,L,A,0.225,1,explanation,FALSE,,FALSE,-0.013601,8,0.000443,n,,
34,TRUE,900,A,B,0.225,1,explanation,FALSE,,FALSE,0.519412,24,0.391004,n,,
35,TRUE,483,A,B,0.225,1,regular,FALSE,,FALSE,0.494524,22,0.252887,n,,
36,TRUE,450,L,A,0.225,1,regular,FALSE,,FALSE,-0.301252,10,0.170979,n,,
37,FALSE,750,A,A,0.225,1,regular,FALSE,,FALSE,-0.017529,10,0.001044,trend,,
38,FALSE,600,A,A,0.225,1,regular,FALSE,,FALSE,-0.231446,10,0.056694,trend,,
39,TRUE,567,L,A,0.225,1,explanation,FALSE,,FALSE,-0.6076,9,0.638496,n,,
40,TRUE,383,A,B,0.225,1,explanation,FALSE,,FALSE,0.209931,22,0.103782,n,,
43,TRUE,466,L,A,0.225,1,regular,FALSE,,FALSE,-0.78251,9,0.582585,n,,
44,TRUE,467,A,B,0.225,1,regular,FALSE,,FALSE,0.377617,23,0.214948,n,,
46,TRUE,450,L,A,0.225,1,regular,FALSE,,FALSE,-0.478845,8,0.469166,n,,
47,TRUE,533,A,B,0.225,1,regular,FALSE,,FALSE,0.342307,25,0.16221,n,,
49,TRUE,533,A,B,0.225,1,regular,FALSE,,FALSE,0.299746,23,0.190453,n,,
51,TRUE,667,L,A,0.225,1,regular,FALSE,,FALSE,-0.826005,9,0.750229,n,,
52,FALSE,633,A,A,0.225,1,regular,FALSE,,FALSE,-0.247836,11,0.108444,trend,,
53,TRUE,583,L,A,0.225,1,regular,FALSE,,FALSE,-0.19264,8,0.125836,n,,
54,FALSE,1200,A,A,0.225,1,regular,FALSE,,FALSE,-0.329644,8,0.277363,trend,,
55,TRUE,767,A,B,0.225,1,explanation,FALSE,,FALSE,0.528088,24,0.453752,n,,
56,TRUE,867,L,A,0.225,1,explanation,FALSE,,FALSE,-0.362303,8,0.208553,n,,
58,FALSE,567,L,B,0.225,1,regular,FALSE,,FALSE,0.660063,24,0.416528,trend,,
61,TRUE,450,A,B,0.225,1,regular,FALSE,,FALSE,0.61242,23,0.505723,n,,
63,TRUE,534,L,A,0.225,1,regular,FALSE,,FALSE,-0.416886,10,0.309432,n,,
65,TRUE,567,A,B,0.225,1,regular,FALSE,,FALSE,0.234852,24,0.151709,n,,
69,TRUE,716,L,A,0.225,1,regular,FALSE,,FALSE,-0.048061,10,0.004478,n,,
70,TRUE,717,L,A,0.225,1,regular,FALSE,,FALSE,-0.228114,10,0.146978,n,,
71,TRUE,433,L,A,0.225,1,regular,FALSE,,FALSE,-0.575404,11,0.577815,n,,
72,TRUE,417,A,B,0.225,1,regular,FALSE,,FALSE,0.613876,24,0.371858,n,,
74,TRUE,450,A,B,0.225,1,regular,FALSE,,FALSE,0.178507,23,0.03545,n,,
78,TRUE,434,L,A,0.225,1,regular,FALSE,,FALSE,-0.546522,9,0.493007,n,,
80,TRUE,500,A,B,0.225,1,regular,FALSE,,FALSE,0.734488,25,0.414848,n,,
81,TRUE,384,A,B,0.225,1,regular,FALSE,,FALSE,0.528505,24,0.380752,n,,
82,TRUE,500,A,B,0.225,1,regular,FALSE,,FALSE,0.17251,22,0.045883,n,,
83,TRUE,450,A,B,0.225,1,regular,FALSE,,FALSE,0.458847,25,0.238951,n,,
84,TRUE,433,L,A,0.225,1,regular,FALSE,,FALSE,-0.708888,9,0.504689,n,,
87,FALSE,1033,A,A,0.225,1,regular,FALSE,,FALSE,-0.200513,10,0.105439,trend,,
88,TRUE,567,A,B,0.225,1,regular,FALSE,,FALSE,0.39169,24,0.328718,n,,
89,TRUE,450,A,B,0.225,1,regular,FALSE,,FALSE,0.339302,22,0.186392,n,,
90,TRUE,433,A,B,0.225,1,regular,FALSE,,FALSE,0.149169,22,0.032608,n,,
91,TRUE,550,L,A,0.225,1,regular,FALSE,,FALSE,-0.232764,10,0.207648,n,,
92,TRUE,534,L,A,0.225,1,regular,FALSE,,FALSE,-0.386344,11,0.253154,n,,
95,TRUE,517,A,B,0.225,1,regular,FALSE,,FALSE,0.58711,24,0.457338,n,,
97,TRUE,650,A,B,0.225,1,regular,FALSE,,FALSE,0.131699,22,0.04721,n,,
99,FALSE,534,A,A,0.225,1,regular,FALSE,,FALSE,-0.113379,9,0.014493,trend,,
100,TRUE,617,L,A,0.225,1,regular,FALSE,,FALSE,-0.295122,8,0.301967,n,,
101,TRUE,500,A,B,0.225,1,regular,FALSE,,FALSE,0.472981,23,0.297225,n,,
102,TRUE,516,L,A,0.225,1,regular,FALSE,,FALSE,-0.112646,11,0.024709,n,,
103,TRUE,500,L,A,0.225,1,regular,FALSE,,FALSE,-0.772644,8,0.647145,n,,
104,TRUE,467,L,A,0.225,1,regular,FALSE,,FALSE,-0.621878,11,0.464476,n,,
107,TRUE,500,A,B,0.225,1,regular,FALSE,,FALSE,0.211791,23,0.08339,n,,
108,TRUE,433,A,B,0.225,1,regular,FALSE,,FALSE,0.434892,23,0.2727,n,,
110,TRUE,400,A,B,0.225,1,regular,FALSE,,FALSE,0.599251,22,0.431351,n,,
111,TRUE,383,A,B,0.225,1,regular,FALSE,,FALSE,0.242783,22,0.107977,n,,
113,TRUE,534,L,A,0.225,1,regular,FALSE,,FALSE,-0.41813,11,0.366504,n,,
114,TRUE,500,L,A,0.225,1,regular,FALSE,,FALSE,-0.527683,9,0.332598,n,,
115,TRUE,400,A,B,0.225,1,regular,FALSE,,FALSE,0.4949,22,0.499311,n,,
117,TRUE,484,L,A,0.225,1,regular,FALSE,,FALSE,-1.139192,9,0.923109,n,,
120,TRUE,350,A,B,0.225,1,regular,FALSE,,FALSE,0.463751,23,0.276244,n,,
121,TRUE,367,A,B,0.225,1,regular,FALSE,,FALSE,0.313447,23,0.178178,n,,
122,TRUE,283,A,B,0.225,1,regular,FALSE,,FALSE,0.405897,22,0.328605,n,,
123,TRUE,433,L,A,0.225,1,regular,FALSE,,FALSE,-0.209482,10,0.15417,n,,
124,FALSE,367,A,A,0.225,1,regular,FALSE,,FALSE,-0.423113,11,0.238099,trend,,
127,TRUE,450,L,A,0.225,1,regular,FALSE,,FALSE,-0.419922,11,0.443975,n,,
129,TRUE,500,L,A,0.225,1,regular,FALSE,,FALSE,-0.537325,10,0.636291,n,,
130,TRUE,400,L,A,0.225,1,regular,FALSE,,FALSE,-0.671749,8,0.568687,n,,
133,TRUE,500,A,B,0.225,1,regular,FALSE,,FALSE,0.561612,22,0.413724,n,,
136,TRUE,533,A,B,0.225,1,regular,FALSE,,FALSE,0.567487,24,0.47024,n,,
137,TRUE,633,L,A,0.225,1,regular,FALSE,,FALSE,-0.622403,8,0.62287,n,,
138,TRUE,500,A,B,0.225,1,regular,FALSE,,FALSE,0.20228,22,0.071993,n,,
142,TRUE,434,L,A,0.225,1,regular,FALSE,,FALSE,-0.637925,8,0.456174,n,,
143,TRUE,416,L,A,0.225,1,regular,FALSE,,FALSE,-0.443901,11,0.263384,n,,
144,TRUE,683,A,B,0.225,1,regular,FALSE,,FALSE,0.464622,25,0.280208,n,,
145,FALSE,667,A,A,0.225,1,regular,FALSE,,FALSE,0.134996,11,0.034211,trend,,
146,FALSE,333,A,A,0.225,1,regular,FALSE,,FALSE,-0.378186,11,0.321348,trend,,
147,TRUE,800,L,A,0.225,1,explanation,FALSE,,FALSE,-0.527236,9,0.22819,n,,
148,TRUE,67,A,B,0.225,1,explanation,FALSE,,FALSE,0.587587,25,0.434993,n,,
151,TRUE,384,A,B,0.225,1,regular,FALSE,,FALSE,0.447249,22,0.238126,n,,
152,TRUE,466,L,A,0.225,1,regular,FALSE,,FALSE,-0.889236,8,0.889975,n,,
154,TRUE,450,L,A,0.225,1,regular,FALSE,,FALSE,-0.741937,9,0.563607,n,,
155,FALSE,384,L,B,0.225,1,regular,FALSE,,FALSE,0.545495,25,0.332076,trend,,
157,TRUE,483,A,B,0.225,1,regular,FALSE,,FALSE,0.368153,24,0.163269,n,,
158,TRUE,617,A,B,0.225,1,regular,FALSE,,FALSE,0.343359,25,0.153933,n,,
159,TRUE,433,A,B,0.225,1,regular,FALSE,,FALSE,0.216487,23,0.064365,n,,
160,TRUE,434,A,B,0.225,1,regular,FALSE,,FALSE,0.239687,24,0.095834,n,,
162,TRUE,400,A,B,0.225,1,regular,FALSE,,FALSE,0.410034,22,0.344498,n,,
163,TRUE,600,L,A,0.225,1,regular,FALSE,,FALSE,-0.396862,10,0.156142,n,,
164,TRUE,434,A,B,0.225,1,regular,FALSE,,FALSE,0.455044,24,0.346717,n,,
165,TRUE,617,L,A,0.225,1,regular,FALSE,,FALSE,-0.400159,9,0.21214,n,,
166,TRUE,466,A,B,0.225,1,regular,FALSE,,FALSE,0.205836,24,0.086404,n,,
168,TRUE,684,L,A,0.225,1,regular,FALSE,,FALSE,-0.245055,11,0.061589,n,,
170,TRUE,384,L,A,0.225,1,regular,FALSE,,FALSE,-0.276152,10,0.210077,n,,
174,TRUE,433,A,B,0.225,1,regular,FALSE,,FALSE,0.813826,25,0.458172,n,,
176,TRUE,483,L,A,0.225,1,regular,FALSE,,FALSE,-0.564173,11,0.376212,n,,
177,TRUE,434,L,A,0.225,1,regular,FALSE,,FALSE,-0.18914,9,0.07148,n,,
179,TRUE,433,L,A,0.225,1,regular,FALSE,,FALSE,0.021617,8,0.001947,n,,
180,FALSE,450,A,A,0.225,1,regular,FALSE,,FALSE,-0.10476,8,0.051224,trend,,