sonaId,qualtricsResponseId,trialNumber,stimulusIndex,n,slope,noise,responseCode,block,accuracy,reactionTime,blockName,responseKey,trialType
96372,R_5p40Gg5vCI7p7VW,1,11,14,-0.221700,0.15,2,1,true,10240,Trend,Q,training
96372,R_5p40Gg5vCI7p7VW,2,8,8,-0.221700,0.15,2,1,false,2763,Trend,P,training
96372,R_5p40Gg5vCI7p7VW,3,59,14,0.315300,0.15,2,1,true,2441,Trend,P,training
96372,R_5p40Gg5vCI7p7VW,4,43,14,0.131700,0.15,2,1,true,2051,Trend,P,training
96372,R_5p40Gg5vCI7p7VW,5,14,20,-0.221700,0.15,2,1,true,2302,Trend,Q,training
96372,R_5p40Gg5vCI7p7VW,6,52,16,0.221700,0.15,2,1,true,2044,Trend,P,training
96372,R_5p40Gg5vCI7p7VW,7,33,10,0.043700,0.15,2,1,true,2048,Trend,P,training
96372,R_5p40Gg5vCI7p7VW,8,13,18,-0.221700,0.15,2,1,true,2137,Trend,Q,training
96372,R_5p40Gg5vCI7p7VW,9,42,12,0.131700,0.15,2,1,false,6182,Trend,Q,training
96372,R_5p40Gg5vCI7p7VW,10,41,10,0.131700,0.15,2,1,true,2058,Trend,P,training
96372,R_5p40Gg5vCI7p7VW,11,217,14,-0.043700,0.15,2,1,false,2045,Trend,P,main
96372,R_5p40Gg5vCI7p7VW,12,327,8,0.131700,0.15,2,1,true,2042,Trend,P,main
96372,R_5p40Gg5vCI7p7VW,13,70,8,-0.221700,0.15,2,1,true,1974,Trend,Q,main
96372,R_5p40Gg5vCI7p7VW,14,478,14,0.315300,0.15,2,1,true,1821,Trend,P,main
96372,R_5p40Gg5vCI7p7VW,15,175,18,-0.131700,0.15,2,1,true,2204,Trend,Q,main
96372,R_5p40Gg5vCI7p7VW,16,131,8,-0.131700,0.15,2,1,true,2128,Trend,Q,main
96372,R_5p40Gg5vCI7p7VW,17,497,20,0.315300,0.15,2,1,true,2104,Trend,P,main
96372,R_5p40Gg5vCI7p7VW,18,357,16,0.131700,0.15,2,1,true,2249,Trend,P,main
96372,R_5p40Gg5vCI7p7VW,19,346,14,0.131700,0.15,2,1,true,1873,Trend,P,main
96372,R_5p40Gg5vCI7p7VW,20,22,12,-0.315300,0.15,2,1,true,2111,Trend,Q,main
96372,R_5p40Gg5vCI7p7VW,21,172,18,-0.131700,0.15,2,1,true,2635,Trend,Q,main
96372,R_5p40Gg5vCI7p7VW,22,126,22,-0.221700,0.15,2,1,true,2220,Trend,Q,main
96372,R_5p40Gg5vCI7p7VW,23,151,12,-0.131700,0.15,2,1,true,4764,Trend,Q,main
96372,R_5p40Gg5vCI7p7VW,24,134,8,-0.131700,0.15,2,1,true,2299,Trend,Q,main
96372,R_5p40Gg5vCI7p7VW,25,107,18,-0.221700,0.15,2,1,true,2125,Trend,Q,main
96372,R_5p40Gg5vCI7p7VW,26,32,16,-0.315300,0.15,2,1,true,2176,Trend,Q,main
96372,R_5p40Gg5vCI7p7VW,27,236,18,-0.043700,0.15,2,1,true,2234,Trend,Q,main
96372,R_5p40Gg5vCI7p7VW,28,61,22,-0.315300,0.15,2,1,true,2252,Trend,Q,main
96372,R_5p40Gg5vCI7p7VW,29,82,12,-0.221700,0.15,2,1,true,2134,Trend,Q,main
96372,R_5p40Gg5vCI7p7VW,30,174,18,-0.131700,0.15,2,1,true,2268,Trend,Q,main
96372,R_5p40Gg5vCI7p7VW,31,38,16,-0.315300,0.15,2,1,true,2236,Trend,Q,main
96372,R_5p40Gg5vCI7p7VW,32,509,22,0.315300,0.15,2,1,true,2119,Trend,P,main
96372,R_5p40Gg5vCI7p7VW,33,101,16,-0.221700,0.15,2,1,true,2040,Trend,Q,main
96372,R_5p40Gg5vCI7p7VW,34,284,14,0.043700,0.15,2,1,true,1843,Trend,P,main
96372,R_5p40Gg5vCI7p7VW,35,495,18,0.315300,0.15,2,1,true,1908,Trend,P,main
96372,R_5p40Gg5vCI7p7VW,36,88,14,-0.221700,0.15,2,1,true,2021,Trend,Q,main
96372,R_5p40Gg5vCI7p7VW,37,433,20,0.221700,0.15,2,1,true,1488,Trend,P,main
96372,R_5p40Gg5vCI7p7VW,38,281,14,0.043700,0.15,2,1,true,1188,Trend,P,main
96372,R_5p40Gg5vCI7p7VW,39,258,8,0.043700,0.15,2,1,true,1712,Trend,P,main
96372,R_5p40Gg5vCI7p7VW,40,135,8,-0.131700,0.15,2,1,true,1266,Trend,Q,main
96372,R_5p40Gg5vCI7p7VW,41,198,8,-0.043700,0.15,2,1,true,979,Trend,Q,main
96372,R_5p40Gg5vCI7p7VW,42,350,14,0.131700,0.15,2,1,true,702,Trend,P,main
96372,R_5p40Gg5vCI7p7VW,43,140,10,-0.131700,0.15,2,1,true,827,Trend,Q,main
96372,R_5p40Gg5vCI7p7VW,44,223,14,-0.043700,0.15,2,1,true,754,Trend,Q,main
96372,R_5p40Gg5vCI7p7VW,45,99,16,-0.221700,0.15,2,1,true,3446,Trend,Q,main
96372,R_5p40Gg5vCI7p7VW,46,196,8,-0.043700,0.15,2,1,false,830,Trend,P,main
96372,R_5p40Gg5vCI7p7VW,47,344,14,0.131700,0.15,2,1,true,575,Trend,P,main
96372,R_5p40Gg5vCI7p7VW,48,351,14,0.131700,0.15,2,1,true,751,Trend,P,main
96372,R_5p40Gg5vCI7p7VW,49,307,20,0.043700,0.15,2,1,true,721,Trend,P,main
96372,R_5p40Gg5vCI7p7VW,50,297,18,0.043700,0.15,2,1,true,632,Trend,P,main
96372,R_5p40Gg5vCI7p7VW,51,463,10,0.315300,0.15,2,1,true,598,Trend,P,main
96372,R_5p40Gg5vCI7p7VW,52,465,12,0.315300,0.15,2,1,true,596,Trend,P,main
96372,R_5p40Gg5vCI7p7VW,53,334,10,0.131700,0.15,2,1,true,539,Trend,P,main
96372,R_5p40Gg5vCI7p7VW,54,190,22,-0.131700,0.15,2,1,true,756,Trend,Q,main
96372,R_5p40Gg5vCI7p7VW,55,305,20,0.043700,0.15,2,1,true,813,Trend,P,main
96372,R_5p40Gg5vCI7p7VW,56,296,18,0.043700,0.15,2,1,true,690,Trend,P,main
96372,R_5p40Gg5vCI7p7VW,57,260,8,0.043700,0.15,2,1,true,1169,Trend,P,main
96372,R_5p40Gg5vCI7p7VW,58,240,20,-0.043700,0.15,2,1,true,1066,Trend,Q,main
96372,R_5p40Gg5vCI7p7VW,59,52,20,-0.315300,0.15,2,1,true,726,Trend,Q,main
96372,R_5p40Gg5vCI7p7VW,60,464,12,0.315300,0.15,2,1,false,666,Trend,Q,main
96372,R_5p40Gg5vCI7p7VW,61,298,18,0.043700,0.15,2,1,false,1209,Trend,Q,main
96372,R_5p40Gg5vCI7p7VW,62,143,10,-0.131700,0.15,2,1,true,808,Trend,Q,main
96372,R_5p40Gg5vCI7p7VW,63,158,14,-0.131700,0.15,2,1,true,1172,Trend,Q,main
96372,R_5p40Gg5vCI7p7VW,64,193,8,-0.043700,0.15,2,1,false,1037,Trend,P,main
96372,R_5p40Gg5vCI7p7VW,65,47,18,-0.315300,0.15,2,1,true,3723,Trend,Q,main
96372,R_5p40Gg5vCI7p7VW,66,102,16,-0.221700,0.15,2,1,true,1084,Trend,Q,main
96372,R_5p40Gg5vCI7p7VW,67,409,14,0.221700,0.15,2,1,true,582,Trend,P,main
96372,R_5p40Gg5vCI7p7VW,68,272,12,0.043700,0.15,2,1,false,6226,Trend,Q,main
96372,R_5p40Gg5vCI7p7VW,69,65,8,-0.221700,0.15,2,1,true,1077,Trend,Q,main
96372,R_5p40Gg5vCI7p7VW,70,146,12,-0.131700,0.15,2,1,false,1570,Trend,P,main
96372,R_5p40Gg5vCI7p7VW,71,117,20,-0.221700,0.15,2,1,true,1838,Trend,Q,main
96372,R_5p40Gg5vCI7p7VW,72,506,22,0.315300,0.15,2,1,true,666,Trend,P,main
96372,R_5p40Gg5vCI7p7VW,73,313,22,0.043700,0.15,2,1,true,972,Trend,P,main
96372,R_5p40Gg5vCI7p7VW,74,431,18,0.221700,0.15,2,1,true,591,Trend,P,main
96372,R_5p40Gg5vCI7p7VW,75,83,12,-0.221700,0.15,2,1,true,692,Trend,Q,main
96372,R_5p40Gg5vCI7p7VW,76,398,10,0.221700,0.15,2,1,true,554,Trend,P,main
96372,R_5p40Gg5vCI7p7VW,77,37,16,-0.315300,0.15,2,1,true,748,Trend,Q,main
96372,R_5p40Gg5vCI7p7VW,78,156,14,-0.131700,0.15,2,1,true,886,Trend,Q,main
96372,R_5p40Gg5vCI7p7VW,79,28,14,-0.315300,0.15,2,1,true,795,Trend,Q,main
96372,R_5p40Gg5vCI7p7VW,80,291,16,0.043700,0.15,2,1,true,1064,Trend,P,main
96372,R_5p40Gg5vCI7p7VW,81,84,12,-0.221700,0.15,2,1,true,864,Trend,Q,main
96372,R_5p40Gg5vCI7p7VW,82,408,14,0.221700,0.15,2,1,true,584,Trend,P,main
96372,R_5p40Gg5vCI7p7VW,83,222,14,-0.043700,0.15,2,1,false,807,Trend,P,main
96372,R_5p40Gg5vCI7p7VW,84,13,10,-0.315300,0.15,2,1,true,819,Trend,Q,main
96372,R_5p40Gg5vCI7p7VW,85,356,16,0.131700,0.15,2,1,true,632,Trend,P,main
96372,R_5p40Gg5vCI7p7VW,86,104,18,-0.221700,0.15,2,1,true,809,Trend,Q,main
96372,R_5p40Gg5vCI7p7VW,87,50,20,-0.315300,0.15,2,1,true,896,Trend,Q,main
96372,R_5p40Gg5vCI7p7VW,88,153,14,-0.131700,0.15,2,1,true,1033,Trend,Q,main
96372,R_5p40Gg5vCI7p7VW,89,466,12,0.315300,0.15,2,1,true,562,Trend,P,main
96372,R_5p40Gg5vCI7p7VW,90,278,12,0.043700,0.15,2,1,false,984,Trend,Q,main
96372,R_5p40Gg5vCI7p7VW,91,371,20,0.131700,0.15,2,1,true,559,Trend,P,main
96372,R_5p40Gg5vCI7p7VW,92,510,22,0.315300,0.15,2,1,true,620,Trend,P,main
96372,R_5p40Gg5vCI7p7VW,93,492,18,0.315300,0.15,2,1,true,613,Trend,P,main
96372,R_5p40Gg5vCI7p7VW,94,4,8,-0.315300,0.15,2,1,true,678,Trend,Q,main
96372,R_5p40Gg5vCI7p7VW,95,133,8,-0.131700,0.15,2,1,true,1005,Trend,Q,main
96372,R_5p40Gg5vCI7p7VW,96,275,12,0.043700,0.15,2,1,false,765,Trend,Q,main
96372,R_5p40Gg5vCI7p7VW,97,448,8,0.315300,0.15,2,1,true,693,Trend,P,main
96372,R_5p40Gg5vCI7p7VW,98,289,16,0.043700,0.15,2,1,true,730,Trend,P,main
96372,R_5p40Gg5vCI7p7VW,99,376,22,0.131700,0.15,2,1,true,591,Trend,P,main
96372,R_5p40Gg5vCI7p7VW,100,89,14,-0.221700,0.15,2,1,true,685,Trend,Q,main
96372,R_5p40Gg5vCI7p7VW,101,320,8,0.131700,0.15,2,1,true,765,Trend,P,main
96372,R_5p40Gg5vCI7p7VW,102,392,10,0.221700,0.15,2,1,true,603,Trend,P,main
96372,R_5p40Gg5vCI7p7VW,103,449,8,0.315300,0.15,2,1,true,597,Trend,P,main
96372,R_5p40Gg5vCI7p7VW,104,364,18,0.131700,0.15,2,1,true,1201,Trend,P,main
96372,R_5p40Gg5vCI7p7VW,105,488,18,0.315300,0.15,2,1,true,669,Trend,P,main
96372,R_5p40Gg5vCI7p7VW,106,112,20,-0.221700,0.15,2,1,true,737,Trend,Q,main
96372,R_5p40Gg5vCI7p7VW,107,253,22,-0.043700,0.15,2,1,false,1296,Trend,P,main
96372,R_5p40Gg5vCI7p7VW,108,270,10,0.043700,0.15,2,1,true,742,Trend,P,main
96372,R_5p40Gg5vCI7p7VW,109,294,16,0.043700,0.15,2,1,true,2418,Trend,P,main
96372,R_5p40Gg5vCI7p7VW,110,424,18,0.221700,0.15,2,1,true,566,Trend,P,main
96372,R_5p40Gg5vCI7p7VW,111,422,16,0.221700,0.15,2,1,true,609,Trend,P,main
96372,R_5p40Gg5vCI7p7VW,112,306,20,0.043700,0.15,2,1,true,741,Trend,P,main
96372,R_5p40Gg5vCI7p7VW,113,269,10,0.043700,0.15,2,1,true,668,Trend,P,main
96372,R_5p40Gg5vCI7p7VW,114,165,16,-0.131700,0.15,2,1,true,729,Trend,Q,main
96372,R_5p40Gg5vCI7p7VW,115,499,20,0.315300,0.15,2,1,true,563,Trend,P,main
96372,R_5p40Gg5vCI7p7VW,116,323,8,0.131700,0.15,2,1,true,621,Trend,P,main
96372,R_5p40Gg5vCI7p7VW,117,413,14,0.221700,0.15,2,1,true,555,Trend,P,main
96372,R_5p40Gg5vCI7p7VW,118,290,16,0.043700,0.15,2,1,true,577,Trend,P,main
96372,R_5p40Gg5vCI7p7VW,119,329,10,0.131700,0.15,2,1,true,567,Trend,P,main
96372,R_5p40Gg5vCI7p7VW,120,160,16,-0.131700,0.15,2,1,false,672,Trend,P,main
96372,R_5p40Gg5vCI7p7VW,121,366,18,0.131700,0.15,2,1,true,580,Trend,P,main
96372,R_5p40Gg5vCI7p7VW,122,142,10,-0.131700,0.15,2,1,true,692,Trend,Q,main
96372,R_5p40Gg5vCI7p7VW,123,406,12,0.221700,0.15,2,1,true,648,Trend,P,main
96372,R_5p40Gg5vCI7p7VW,124,108,18,-0.221700,0.15,2,1,true,784,Trend,Q,main
96372,R_5p40Gg5vCI7p7VW,125,381,22,0.131700,0.15,2,1,true,608,Trend,P,main
96372,R_5p40Gg5vCI7p7VW,126,400,12,0.221700,0.15,2,1,true,541,Trend,P,main
96372,R_5p40Gg5vCI7p7VW,127,336,12,0.131700,0.15,2,1,true,588,Trend,P,main
96372,R_5p40Gg5vCI7p7VW,128,391,8,0.221700,0.15,2,1,true,575,Trend,P,main
96372,R_5p40Gg5vCI7p7VW,129,95,14,-0.221700,0.15,2,1,true,694,Trend,Q,main
96372,R_5p40Gg5vCI7p7VW,130,325,8,0.131700,0.15,2,1,true,680,Trend,P,main
96372,R_5p40Gg5vCI7p7VW,131,203,10,-0.043700,0.15,2,1,false,647,Trend,P,main
96372,R_5p40Gg5vCI7p7VW,132,345,14,0.131700,0.15,2,1,true,603,Trend,P,main
96372,R_5p40Gg5vCI7p7VW,133,138,10,-0.131700,0.15,2,1,true,660,Trend,Q,main
96372,R_5p40Gg5vCI7p7VW,134,6,8,-0.315300,0.15,2,1,true,650,Trend,Q,main
96372,R_5p40Gg5vCI7p7VW,135,365,18,0.131700,0.15,2,1,true,611,Trend,P,main
96372,R_5p40Gg5vCI7p7VW,136,18,12,-0.315300,0.15,2,1,true,601,Trend,Q,main
96372,R_5p40Gg5vCI7p7VW,137,311,20,0.043700,0.15,2,1,true,509,Trend,P,main
96372,R_5p40Gg5vCI7p7VW,138,169,18,-0.131700,0.15,2,1,true,677,Trend,Q,main
96372,R_5p40Gg5vCI7p7VW,139,39,16,-0.315300,0.15,2,1,true,3024,Trend,Q,main
96372,R_5p40Gg5vCI7p7VW,140,363,18,0.131700,0.15,2,1,true,603,Trend,P,main
96372,R_5p40Gg5vCI7p7VW,141,416,16,0.221700,0.15,2,1,true,480,Trend,P,main
96372,R_5p40Gg5vCI7p7VW,142,263,8,0.043700,0.15,2,1,true,754,Trend,P,main
96372,R_5p40Gg5vCI7p7VW,143,347,14,0.131700,0.15,2,1,true,541,Trend,P,main
96372,R_5p40Gg5vCI7p7VW,144,221,14,-0.043700,0.15,2,1,true,578,Trend,Q,main
96372,R_5p40Gg5vCI7p7VW,145,14,10,-0.315300,0.15,2,1,true,568,Trend,Q,main
96372,R_5p40Gg5vCI7p7VW,146,215,12,-0.043700,0.15,2,1,false,504,Trend,P,main
96372,R_5p40Gg5vCI7p7VW,147,49,20,-0.315300,0.15,2,1,true,646,Trend,Q,main
96372,R_5p40Gg5vCI7p7VW,148,358,16,0.131700,0.15,2,1,true,508,Trend,P,main
96372,R_5p40Gg5vCI7p7VW,149,206,10,-0.043700,0.15,2,1,false,617,Trend,P,main
96372,R_5p40Gg5vCI7p7VW,150,147,12,-0.131700,0.15,2,1,false,620,Trend,P,main
96372,R_5p40Gg5vCI7p7VW,151,178,20,-0.131700,0.15,2,1,true,1944,Trend,Q,main
96372,R_5p40Gg5vCI7p7VW,152,473,14,0.315300,0.15,2,1,true,565,Trend,P,main
96372,R_5p40Gg5vCI7p7VW,153,404,12,0.221700,0.15,2,1,true,550,Trend,P,main
96372,R_5p40Gg5vCI7p7VW,154,276,12,0.043700,0.15,2,1,true,1238,Trend,P,main
96372,R_5p40Gg5vCI7p7VW,155,372,20,0.131700,0.15,2,1,true,612,Trend,P,main
96372,R_5p40Gg5vCI7p7VW,156,43,18,-0.315300,0.15,2,1,true,590,Trend,Q,main
96372,R_5p40Gg5vCI7p7VW,157,494,18,0.315300,0.15,2,1,true,491,Trend,P,main
96372,R_5p40Gg5vCI7p7VW,158,81,12,-0.221700,0.15,2,1,true,637,Trend,Q,main
96372,R_5p40Gg5vCI7p7VW,159,397,10,0.221700,0.15,2,1,true,466,Trend,P,main
96372,R_5p40Gg5vCI7p7VW,160,245,20,-0.043700,0.15,2,1,true,622,Trend,Q,main
96372,R_5p40Gg5vCI7p7VW,161,436,20,0.221700,0.15,2,1,true,468,Trend,P,main
96372,R_5p40Gg5vCI7p7VW,162,180,20,-0.131700,0.15,2,1,true,623,Trend,Q,main
96372,R_5p40Gg5vCI7p7VW,163,460,10,0.315300,0.15,2,1,true,514,Trend,P,main
96372,R_5p40Gg5vCI7p7VW,164,211,12,-0.043700,0.15,2,1,true,950,Trend,Q,main
96372,R_5p40Gg5vCI7p7VW,165,340,12,0.131700,0.15,2,1,true,895,Trend,P,main
96372,R_5p40Gg5vCI7p7VW,166,30,14,-0.315300,0.15,2,1,true,587,Trend,Q,main
96372,R_5p40Gg5vCI7p7VW,167,150,12,-0.131700,0.15,2,1,true,644,Trend,Q,main
96372,R_5p40Gg5vCI7p7VW,168,170,18,-0.131700,0.15,2,1,true,717,Trend,Q,main
96372,R_5p40Gg5vCI7p7VW,169,202,10,-0.043700,0.15,2,1,false,557,Trend,P,main
96372,R_5p40Gg5vCI7p7VW,170,288,16,0.043700,0.15,2,1,true,825,Trend,P,main
96372,R_5p40Gg5vCI7p7VW,171,299,18,0.043700,0.15,2,1,true,1168,Trend,P,main
96372,R_5p40Gg5vCI7p7VW,172,333,10,0.131700,0.15,2,1,true,575,Trend,P,main
96372,R_5p40Gg5vCI7p7VW,173,2,8,-0.315300,0.15,2,1,true,650,Trend,Q,main
96372,R_5p40Gg5vCI7p7VW,174,7,8,-0.315300,0.15,2,1,true,607,Trend,Q,main
96372,R_5p40Gg5vCI7p7VW,175,100,16,-0.221700,0.15,2,1,false,597,Trend,P,main
96372,R_5p40Gg5vCI7p7VW,176,479,14,0.315300,0.15,2,1,true,612,Trend,P,main
96372,R_5p40Gg5vCI7p7VW,177,77,10,-0.221700,0.15,2,1,true,621,Trend,Q,main
96372,R_5p40Gg5vCI7p7VW,178,103,16,-0.221700,0.15,2,1,true,618,Trend,Q,main
96372,R_5p40Gg5vCI7p7VW,179,79,10,-0.221700,0.15,2,1,true,726,Trend,Q,main
96372,R_5p40Gg5vCI7p7VW,180,410,14,0.221700,0.15,2,1,true,540,Trend,P,main
96372,R_5p40Gg5vCI7p7VW,181,471,12,0.315300,0.15,2,1,true,578,Trend,P,main
96372,R_5p40Gg5vCI7p7VW,182,220,14,-0.043700,0.15,2,1,true,919,Trend,Q,main
96372,R_5p40Gg5vCI7p7VW,183,250,22,-0.043700,0.15,2,1,true,651,Trend,Q,main
96372,R_5p40Gg5vCI7p7VW,184,73,10,-0.221700,0.15,2,1,true,700,Trend,Q,main
96372,R_5p40Gg5vCI7p7VW,185,429,18,0.221700,0.15,2,1,true,614,Trend,P,main
96372,R_5p40Gg5vCI7p7VW,186,171,18,-0.131700,0.15,2,1,true,682,Trend,Q,main
96372,R_5p40Gg5vCI7p7VW,187,98,16,-0.221700,0.15,2,1,true,807,Trend,Q,main
96372,R_5p40Gg5vCI7p7VW,188,176,20,-0.131700,0.15,2,1,true,748,Trend,Q,main
96372,R_5p40Gg5vCI7p7VW,189,412,14,0.221700,0.15,2,1,true,601,Trend,P,main
96372,R_5p40Gg5vCI7p7VW,190,360,18,0.131700,0.15,2,1,true,617,Trend,P,main
96372,R_5p40Gg5vCI7p7VW,191,256,8,0.043700,0.15,2,1,true,664,Trend,P,main
96372,R_5p40Gg5vCI7p7VW,192,274,12,0.043700,0.15,2,1,true,587,Trend,P,main
96372,R_5p40Gg5vCI7p7VW,193,216,14,-0.043700,0.15,2,1,true,1285,Trend,Q,main
96372,R_5p40Gg5vCI7p7VW,194,42,18,-0.315300,0.15,2,1,true,671,Trend,Q,main
96372,R_5p40Gg5vCI7p7VW,195,383,22,0.131700,0.15,2,1,true,655,Trend,P,main
96372,R_5p40Gg5vCI7p7VW,196,239,18,-0.043700,0.15,2,1,true,808,Trend,Q,main
96372,R_5p40Gg5vCI7p7VW,197,414,14,0.221700,0.15,2,1,true,652,Trend,P,main
96372,R_5p40Gg5vCI7p7VW,198,259,8,0.043700,0.15,2,1,false,685,Trend,Q,main
96372,R_5p40Gg5vCI7p7VW,199,85,12,-0.221700,0.15,2,1,true,744,Trend,Q,main
96372,R_5p40Gg5vCI7p7VW,200,402,12,0.221700,0.15,2,1,true,477,Trend,P,main
96372,R_5p40Gg5vCI7p7VW,201,157,14,-0.131700,0.15,2,1,true,493,Trend,Q,main
96372,R_5p40Gg5vCI7p7VW,202,255,22,-0.043700,0.15,2,1,true,670,Trend,Q,main
96372,R_5p40Gg5vCI7p7VW,203,181,20,-0.131700,0.15,2,1,true,593,Trend,Q,main
96372,R_5p40Gg5vCI7p7VW,204,161,16,-0.131700,0.15,2,1,true,607,Trend,Q,main
96372,R_5p40Gg5vCI7p7VW,205,359,16,0.131700,0.15,2,1,true,562,Trend,P,main
96372,R_5p40Gg5vCI7p7VW,206,225,16,-0.043700,0.15,2,1,true,760,Trend,Q,main
96372,R_5p40Gg5vCI7p7VW,207,36,16,-0.315300,0.15,2,1,true,566,Trend,Q,main
96372,R_5p40Gg5vCI7p7VW,208,264,10,0.043700,0.15,2,1,true,481,Trend,P,main
96372,R_5p40Gg5vCI7p7VW,209,486,16,0.315300,0.15,2,1,true,488,Trend,P,main
96372,R_5p40Gg5vCI7p7VW,210,427,18,0.221700,0.15,2,1,true,598,Trend,P,main
96372,R_5p40Gg5vCI7p7VW,211,91,14,-0.221700,0.15,2,1,true,540,Trend,Q,main
96372,R_5p40Gg5vCI7p7VW,212,136,10,-0.131700,0.15,2,1,false,439,Trend,P,main
96372,R_5p40Gg5vCI7p7VW,213,1,8,-0.315300,0.15,2,1,true,451,Trend,Q,main
96372,R_5p40Gg5vCI7p7VW,214,137,10,-0.131700,0.15,2,1,true,590,Trend,Q,main
96372,R_5p40Gg5vCI7p7VW,215,242,20,-0.043700,0.15,2,1,true,1105,Trend,Q,main
96372,R_5p40Gg5vCI7p7VW,216,411,14,0.221700,0.15,2,1,true,651,Trend,P,main
96372,R_5p40Gg5vCI7p7VW,217,419,16,0.221700,0.15,2,1,true,509,Trend,P,main
96372,R_5p40Gg5vCI7p7VW,218,246,20,-0.043700,0.15,2,1,true,856,Trend,Q,main
96372,R_5p40Gg5vCI7p7VW,219,162,16,-0.131700,0.15,2,1,false,412,Trend,P,main
96372,R_5p40Gg5vCI7p7VW,220,179,20,-0.131700,0.15,2,1,false,524,Trend,P,main
96372,R_5p40Gg5vCI7p7VW,221,237,18,-0.043700,0.15,2,1,true,580,Trend,Q,main
96372,R_5p40Gg5vCI7p7VW,222,446,22,0.221700,0.15,2,1,true,507,Trend,P,main
96372,R_5p40Gg5vCI7p7VW,223,445,22,0.221700,0.15,2,1,true,470,Trend,P,main
96372,R_5p40Gg5vCI7p7VW,224,125,22,-0.221700,0.15,2,1,true,496,Trend,Q,main
96372,R_5p40Gg5vCI7p7VW,225,177,20,-0.131700,0.15,2,1,true,619,Trend,Q,main
96372,R_5p40Gg5vCI7p7VW,226,115,20,-0.221700,0.15,2,1,true,655,Trend,Q,main
96372,R_5p40Gg5vCI7p7VW,227,25,14,-0.315300,0.15,2,1,true,500,Trend,Q,main
96372,R_5p40Gg5vCI7p7VW,228,148,12,-0.131700,0.15,2,1,false,887,Trend,P,main
96372,R_5p40Gg5vCI7p7VW,229,129,8,-0.131700,0.15,2,1,false,3055,Trend,P,main
96372,R_5p40Gg5vCI7p7VW,230,380,22,0.131700,0.15,2,1,true,837,Trend,P,main
96372,R_5p40Gg5vCI7p7VW,231,324,8,0.131700,0.15,2,1,true,1302,Trend,P,main
96372,R_5p40Gg5vCI7p7VW,232,435,20,0.221700,0.15,2,1,true,528,Trend,P,main
96372,R_5p40Gg5vCI7p7VW,233,442,22,0.221700,0.15,2,1,true,384,Trend,P,main
96372,R_5p40Gg5vCI7p7VW,234,343,12,0.131700,0.15,2,1,true,490,Trend,P,main
96372,R_5p40Gg5vCI7p7VW,235,229,16,-0.043700,0.15,2,1,false,584,Trend,P,main
96372,R_5p40Gg5vCI7p7VW,236,10,10,-0.315300,0.15,2,1,true,556,Trend,Q,main
96372,R_5p40Gg5vCI7p7VW,237,59,22,-0.315300,0.15,2,1,true,596,Trend,Q,main
96372,R_5p40Gg5vCI7p7VW,238,432,20,0.221700,0.15,2,1,true,503,Trend,P,main
96372,R_5p40Gg5vCI7p7VW,239,75,10,-0.221700,0.15,2,1,false,916,Trend,P,main
96372,R_5p40Gg5vCI7p7VW,240,68,8,-0.221700,0.15,2,1,true,660,Trend,Q,main
96372,R_5p40Gg5vCI7p7VW,241,266,10,0.043700,0.15,2,1,true,754,Trend,P,main
96372,R_5p40Gg5vCI7p7VW,242,204,10,-0.043700,0.15,2,1,false,587,Trend,P,main
96372,R_5p40Gg5vCI7p7VW,243,458,10,0.315300,0.15,2,1,true,2319,Trend,P,main
96372,R_5p40Gg5vCI7p7VW,244,16,12,-0.315300,0.15,2,1,true,680,Trend,Q,main
96372,R_5p40Gg5vCI7p7VW,245,308,20,0.043700,0.15,2,1,true,690,Trend,P,main
96372,R_5p40Gg5vCI7p7VW,246,349,14,0.131700,0.15,2,1,true,527,Trend,P,main
96372,R_5p40Gg5vCI7p7VW,247,390,8,0.221700,0.15,2,1,true,538,Trend,P,main
96372,R_5p40Gg5vCI7p7VW,248,15,10,-0.315300,0.15,2,1,true,626,Trend,Q,main
96372,R_5p40Gg5vCI7p7VW,249,457,10,0.315300,0.15,2,1,true,591,Trend,P,main
96372,R_5p40Gg5vCI7p7VW,250,279,12,0.043700,0.15,2,1,true,659,Trend,P,main
96372,R_5p40Gg5vCI7p7VW,251,393,10,0.221700,0.15,2,1,true,564,Trend,P,main
96372,R_5p40Gg5vCI7p7VW,252,430,18,0.221700,0.15,2,1,true,1317,Trend,P,main
96372,R_5p40Gg5vCI7p7VW,253,452,8,0.315300,0.15,2,1,true,543,Trend,P,main
96372,R_5p40Gg5vCI7p7VW,254,456,10,0.315300,0.15,2,1,true,476,Trend,P,main
96372,R_5p40Gg5vCI7p7VW,255,106,18,-0.221700,0.15,2,1,true,726,Trend,Q,main
96372,R_5p40Gg5vCI7p7VW,256,127,22,-0.221700,0.15,2,1,true,591,Trend,Q,main
96372,R_5p40Gg5vCI7p7VW,257,280,14,0.043700,0.15,2,1,true,643,Trend,P,main
96372,R_5p40Gg5vCI7p7VW,258,501,20,0.315300,0.15,2,1,true,568,Trend,P,main
96372,R_5p40Gg5vCI7p7VW,259,368,20,0.131700,0.15,2,1,true,558,Trend,P,main
96372,R_5p40Gg5vCI7p7VW,260,273,12,0.043700,0.15,2,1,true,580,Trend,P,main
96372,R_5p40Gg5vCI7p7VW,261,348,14,0.131700,0.15,2,1,true,649,Trend,P,main
96372,R_5p40Gg5vCI7p7VW,262,321,8,0.131700,0.15,2,1,true,518,Trend,P,main
96372,R_5p40Gg5vCI7p7VW,263,186,22,-0.131700,0.15,2,1,true,711,Trend,Q,main
96372,R_5p40Gg5vCI7p7VW,264,342,12,0.131700,0.15,2,1,true,416,Trend,P,main
96372,R_5p40Gg5vCI7p7VW,265,292,16,0.043700,0.15,2,1,true,471,Trend,P,main
96372,R_5p40Gg5vCI7p7VW,266,76,10,-0.221700,0.15,2,1,false,390,Trend,P,main
96372,R_5p40Gg5vCI7p7VW,267,450,8,0.315300,0.15,2,1,true,631,Trend,P,main
96372,R_5p40Gg5vCI7p7VW,268,149,12,-0.131700,0.15,2,1,true,846,Trend,Q,main
96372,R_5p40Gg5vCI7p7VW,269,421,16,0.221700,0.15,2,1,true,412,Trend,P,main
96372,R_5p40Gg5vCI7p7VW,270,9,10,-0.315300,0.15,2,1,true,525,Trend,Q,main
96372,R_5p40Gg5vCI7p7VW,271,341,12,0.131700,0.15,2,1,false,642,Trend,Q,main
96372,R_5p40Gg5vCI7p7VW,272,116,20,-0.221700,0.15,2,1,true,575,Trend,Q,main
96372,R_5p40Gg5vCI7p7VW,273,370,20,0.131700,0.15,2,1,true,631,Trend,P,main
96372,R_5p40Gg5vCI7p7VW,274,57,22,-0.315300,0.15,2,1,true,552,Trend,Q,main
96372,R_5p40Gg5vCI7p7VW,275,185,22,-0.131700,0.15,2,1,false,582,Trend,P,main
96372,R_5p40Gg5vCI7p7VW,276,369,20,0.131700,0.15,2,1,true,472,Trend,P,main
96372,R_5p40Gg5vCI7p7VW,277,72,10,-0.221700,0.15,2,1,true,526,Trend,Q,main
96372,R_5p40Gg5vCI7p7VW,278,482,16,0.315300,0.15,2,1,true,820,Trend,P,main
96372,R_5p40Gg5vCI7p7VW,279,201,10,-0.043700,0.15,2,1,true,441,Trend,Q,main
96372,R_5p40Gg5vCI7p7VW,280,121,22,-0.221700,0.15,2,1,false,351,Trend,P,main
96372,R_5p40Gg5vCI7p7VW,281,145,12,-0.131700,0.15,2,1,true,817,Trend,Q,main
96372,R_5p40Gg5vCI7p7VW,282,67,8,-0.221700,0.15,2,1,true,615,Trend,Q,main
96372,R_5p40Gg5vCI7p7VW,283,304,20,0.043700,0.15,2,1,false,844,Trend,Q,main
96372,R_5p40Gg5vCI7p7VW,284,219,14,-0.043700,0.15,2,1,false,810,Trend,P,main
96372,R_5p40Gg5vCI7p7VW,285,314,22,0.043700,0.15,2,1,true,2372,Trend,P,main
96372,R_5p40Gg5vCI7p7VW,286,386,8,0.221700,0.15,2,1,true,458,Trend,P,main
96372,R_5p40Gg5vCI7p7VW,287,5,8,-0.315300,0.15,2,1,true,531,Trend,Q,main
96372,R_5p40Gg5vCI7p7VW,288,197,8,-0.043700,0.15,2,1,false,666,Trend,P,main
96372,R_5p40Gg5vCI7p7VW,289,58,22,-0.315300,0.15,2,1,true,563,Trend,Q,main
96372,R_5p40Gg5vCI7p7VW,290,338,12,0.131700,0.15,2,1,true,484,Trend,P,main
96372,R_5p40Gg5vCI7p7VW,291,17,12,-0.315300,0.15,2,1,true,1004,Trend,Q,main
96372,R_5p40Gg5vCI7p7VW,292,27,14,-0.315300,0.15,2,1,true,774,Trend,Q,main
96372,R_5p40Gg5vCI7p7VW,293,86,12,-0.221700,0.15,2,1,true,656,Trend,Q,main
96372,R_5p40Gg5vCI7p7VW,294,97,16,-0.221700,0.15,2,1,true,1213,Trend,Q,main
96372,R_5p40Gg5vCI7p7VW,295,268,10,0.043700,0.15,2,1,true,1457,Trend,P,main
96372,R_5p40Gg5vCI7p7VW,296,483,16,0.315300,0.15,2,1,true,531,Trend,P,main
96372,R_5p40Gg5vCI7p7VW,297,316,22,0.043700,0.15,2,1,true,604,Trend,P,main
96372,R_5p40Gg5vCI7p7VW,298,51,20,-0.315300,0.15,2,1,true,1524,Trend,Q,main
96372,R_5p40Gg5vCI7p7VW,299,113,20,-0.221700,0.15,2,1,true,589,Trend,Q,main
96372,R_5p40Gg5vCI7p7VW,300,496,20,0.315300,0.15,2,1,true,550,Trend,P,main
96372,R_5p40Gg5vCI7p7VW,301,105,18,-0.221700,0.15,2,1,true,638,Trend,Q,main
96372,R_5p40Gg5vCI7p7VW,302,454,8,0.315300,0.15,2,1,true,652,Trend,P,main
96372,R_5p40Gg5vCI7p7VW,303,248,22,-0.043700,0.15,2,1,true,638,Trend,Q,main
96372,R_5p40Gg5vCI7p7VW,304,491,18,0.315300,0.15,2,1,true,452,Trend,P,main
96372,R_5p40Gg5vCI7p7VW,305,374,20,0.131700,0.15,2,1,true,541,Trend,P,main
96372,R_5p40Gg5vCI7p7VW,306,319,22,0.043700,0.15,2,1,true,561,Trend,P,main
96372,R_5p40Gg5vCI7p7VW,307,500,20,0.315300,0.15,2,1,true,528,Trend,P,main
96372,R_5p40Gg5vCI7p7VW,308,462,10,0.315300,0.15,2,1,true,483,Trend,P,main
96372,R_5p40Gg5vCI7p7VW,309,434,20,0.221700,0.15,2,1,true,560,Trend,P,main
96372,R_5p40Gg5vCI7p7VW,310,110,18,-0.221700,0.15,2,1,true,572,Trend,Q,main
96372,R_5p40Gg5vCI7p7VW,311,315,22,0.043700,0.15,2,1,true,638,Trend,P,main
96372,R_5p40Gg5vCI7p7VW,312,352,16,0.131700,0.15,2,1,true,504,Trend,P,main
96372,R_5p40Gg5vCI7p7VW,313,64,8,-0.221700,0.15,2,1,true,463,Trend,Q,main
96372,R_5p40Gg5vCI7p7VW,314,132,8,-0.131700,0.15,2,1,true,556,Trend,Q,main
96372,R_5p40Gg5vCI7p7VW,315,118,20,-0.221700,0.15,2,1,true,483,Trend,Q,main
96372,R_5p40Gg5vCI7p7VW,316,459,10,0.315300,0.15,2,1,true,478,Trend,P,main
96372,R_5p40Gg5vCI7p7VW,317,503,20,0.315300,0.15,2,1,true,541,Trend,P,main
96372,R_5p40Gg5vCI7p7VW,318,467,12,0.315300,0.15,2,1,true,524,Trend,P,main
96372,R_5p40Gg5vCI7p7VW,319,265,10,0.043700,0.15,2,1,false,663,Trend,Q,main
96372,R_5p40Gg5vCI7p7VW,320,231,16,-0.043700,0.15,2,1,false,451,Trend,P,main
96372,R_5p40Gg5vCI7p7VW,321,159,14,-0.131700,0.15,2,1,true,664,Trend,Q,main
96372,R_5p40Gg5vCI7p7VW,322,426,18,0.221700,0.15,2,1,true,470,Trend,P,main
96372,R_5p40Gg5vCI7p7VW,323,227,16,-0.043700,0.15,2,1,true,599,Trend,Q,main
96372,R_5p40Gg5vCI7p7VW,324,257,8,0.043700,0.15,2,1,false,577,Trend,Q,main
96372,R_5p40Gg5vCI7p7VW,325,218,14,-0.043700,0.15,2,1,false,2135,Trend,P,main
96372,R_5p40Gg5vCI7p7VW,326,508,22,0.315300,0.15,2,1,true,697,Trend,P,main
96372,R_5p40Gg5vCI7p7VW,327,444,22,0.221700,0.15,2,1,true,585,Trend,P,main
96372,R_5p40Gg5vCI7p7VW,328,128,8,-0.131700,0.15,2,1,true,587,Trend,Q,main
96372,R_5p40Gg5vCI7p7VW,329,63,22,-0.315300,0.15,2,1,true,854,Trend,Q,main
96372,R_5p40Gg5vCI7p7VW,330,228,16,-0.043700,0.15,2,1,true,3397,Trend,Q,main
96372,R_5p40Gg5vCI7p7VW,331,164,16,-0.131700,0.15,2,1,false,1232,Trend,P,main
96372,R_5p40Gg5vCI7p7VW,332,468,12,0.315300,0.15,2,1,true,1173,Trend,P,main
96372,R_5p40Gg5vCI7p7VW,333,182,20,-0.131700,0.15,2,1,true,1115,Trend,Q,main
96372,R_5p40Gg5vCI7p7VW,334,375,20,0.131700,0.15,2,1,false,1191,Trend,Q,main
96372,R_5p40Gg5vCI7p7VW,335,235,18,-0.043700,0.15,2,1,false,1110,Trend,P,main
96372,R_5p40Gg5vCI7p7VW,336,283,14,0.043700,0.15,2,1,true,1134,Trend,P,main
96372,R_5p40Gg5vCI7p7VW,337,353,16,0.131700,0.15,2,1,true,877,Trend,P,main
96372,R_5p40Gg5vCI7p7VW,338,267,10,0.043700,0.15,2,1,true,1109,Trend,P,main
96372,R_5p40Gg5vCI7p7VW,339,119,20,-0.221700,0.15,2,1,true,1690,Trend,Q,main
96372,R_5p40Gg5vCI7p7VW,340,407,12,0.221700,0.15,2,1,true,733,Trend,P,main
96372,R_5p40Gg5vCI7p7VW,341,401,12,0.221700,0.15,2,1,true,616,Trend,P,main
96372,R_5p40Gg5vCI7p7VW,342,96,16,-0.221700,0.15,2,1,true,810,Trend,Q,main
96372,R_5p40Gg5vCI7p7VW,343,173,18,-0.131700,0.15,2,1,true,536,Trend,Q,main
96372,R_5p40Gg5vCI7p7VW,344,286,14,0.043700,0.15,2,1,true,570,Trend,P,main
96372,R_5p40Gg5vCI7p7VW,345,472,14,0.315300,0.15,2,1,true,603,Trend,P,main
96372,R_5p40Gg5vCI7p7VW,346,331,10,0.131700,0.15,2,1,true,626,Trend,P,main
96372,R_5p40Gg5vCI7p7VW,347,130,8,-0.131700,0.15,2,1,true,747,Trend,Q,main
96372,R_5p40Gg5vCI7p7VW,348,94,14,-0.221700,0.15,2,1,true,769,Trend,Q,main
96372,R_5p40Gg5vCI7p7VW,349,53,20,-0.315300,0.15,2,1,true,555,Trend,Q,main
96372,R_5p40Gg5vCI7p7VW,350,31,14,-0.315300,0.15,2,1,false,670,Trend,P,main
96372,R_5p40Gg5vCI7p7VW,351,277,12,0.043700,0.15,2,1,true,1081,Trend,P,main
96372,R_5p40Gg5vCI7p7VW,352,209,12,-0.043700,0.15,2,1,false,761,Trend,P,main
96372,R_5p40Gg5vCI7p7VW,353,92,14,-0.221700,0.15,2,1,true,681,Trend,Q,main
96372,R_5p40Gg5vCI7p7VW,354,24,14,-0.315300,0.15,2,1,false,437,Trend,P,main
96372,R_5p40Gg5vCI7p7VW,355,470,12,0.315300,0.15,2,1,true,838,Trend,P,main
96372,R_5p40Gg5vCI7p7VW,356,243,20,-0.043700,0.15,2,1,false,1711,Trend,P,main
96372,R_5p40Gg5vCI7p7VW,357,453,8,0.315300,0.15,2,1,true,833,Trend,P,main
96372,R_5p40Gg5vCI7p7VW,358,212,12,-0.043700,0.15,2,1,false,1336,Trend,P,main
96372,R_5p40Gg5vCI7p7VW,359,502,20,0.315300,0.15,2,1,true,788,Trend,P,main
96372,R_5p40Gg5vCI7p7VW,360,124,22,-0.221700,0.15,2,1,true,545,Trend,Q,main
96372,R_5p40Gg5vCI7p7VW,361,154,14,-0.131700,0.15,2,1,true,1161,Trend,Q,main
96372,R_5p40Gg5vCI7p7VW,362,318,22,0.043700,0.15,2,1,true,606,Trend,P,main
96372,R_5p40Gg5vCI7p7VW,363,114,20,-0.221700,0.15,2,1,false,885,Trend,P,main
96372,R_5p40Gg5vCI7p7VW,364,490,18,0.315300,0.15,2,1,true,565,Trend,P,main
96372,R_5p40Gg5vCI7p7VW,365,21,12,-0.315300,0.15,2,1,true,2055,Trend,Q,main
96372,R_5p40Gg5vCI7p7VW,366,439,20,0.221700,0.15,2,1,true,635,Trend,P,main
96372,R_5p40Gg5vCI7p7VW,367,451,8,0.315300,0.15,2,1,true,1033,Trend,P,main
96372,R_5p40Gg5vCI7p7VW,368,8,10,-0.315300,0.15,2,1,false,952,Trend,P,main
96372,R_5p40Gg5vCI7p7VW,369,56,22,-0.315300,0.15,2,1,false,601,Trend,P,main
96372,R_5p40Gg5vCI7p7VW,370,205,10,-0.043700,0.15,2,1,false,990,Trend,P,main
96372,R_5p40Gg5vCI7p7VW,371,487,16,0.315300,0.15,2,1,true,806,Trend,P,main
96372,R_5p40Gg5vCI7p7VW,372,187,22,-0.131700,0.15,2,1,false,806,Trend,P,main
96372,R_5p40Gg5vCI7p7VW,373,443,22,0.221700,0.15,2,1,true,753,Trend,P,main
96372,R_5p40Gg5vCI7p7VW,374,191,22,-0.131700,0.15,2,1,true,632,Trend,Q,main
96372,R_5p40Gg5vCI7p7VW,375,41,18,-0.315300,0.15,2,1,true,587,Trend,Q,main
96372,R_5p40Gg5vCI7p7VW,376,438,20,0.221700,0.15,2,1,true,783,Trend,P,main
96372,R_5p40Gg5vCI7p7VW,377,504,22,0.315300,0.15,2,1,true,748,Trend,P,main
96372,R_5p40Gg5vCI7p7VW,378,505,22,0.315300,0.15,2,1,true,579,Trend,P,main
96372,R_5p40Gg5vCI7p7VW,379,71,8,-0.221700,0.15,2,1,true,1068,Trend,Q,main
96372,R_5p40Gg5vCI7p7VW,380,207,10,-0.043700,0.15,2,1,false,620,Trend,P,main
96372,R_5p40Gg5vCI7p7VW,381,109,18,-0.221700,0.15,2,1,true,857,Trend,Q,main
96372,R_5p40Gg5vCI7p7VW,382,367,18,0.131700,0.15,2,1,true,959,Trend,P,main
96372,R_5p40Gg5vCI7p7VW,383,394,10,0.221700,0.15,2,1,true,700,Trend,P,main
96372,R_5p40Gg5vCI7p7VW,384,80,12,-0.221700,0.15,2,1,true,727,Trend,Q,main
96372,R_5p40Gg5vCI7p7VW,385,474,14,0.315300,0.15,2,1,true,561,Trend,P,main
96372,R_5p40Gg5vCI7p7VW,386,399,10,0.221700,0.15,2,1,true,637,Trend,P,main
96372,R_5p40Gg5vCI7p7VW,387,226,16,-0.043700,0.15,2,1,true,1017,Trend,Q,main
96372,R_5p40Gg5vCI7p7VW,388,420,16,0.221700,0.15,2,1,true,631,Trend,P,main
96372,R_5p40Gg5vCI7p7VW,389,210,12,-0.043700,0.15,2,1,false,921,Trend,P,main
96372,R_5p40Gg5vCI7p7VW,390,480,16,0.315300,0.15,2,1,true,550,Trend,P,main
96372,R_5p40Gg5vCI7p7VW,391,303,18,0.043700,0.15,2,1,true,812,Trend,P,main
96372,R_5p40Gg5vCI7p7VW,392,312,22,0.043700,0.15,2,1,true,644,Trend,P,main
96372,R_5p40Gg5vCI7p7VW,393,48,20,-0.315300,0.15,2,1,true,698,Trend,Q,main
96372,R_5p40Gg5vCI7p7VW,394,3,8,-0.315300,0.15,2,1,true,644,Trend,Q,main
96372,R_5p40Gg5vCI7p7VW,395,66,8,-0.221700,0.15,2,1,true,2660,Trend,Q,main
96372,R_5p40Gg5vCI7p7VW,396,425,18,0.221700,0.15,2,1,true,579,Trend,P,main
96372,R_5p40Gg5vCI7p7VW,397,271,10,0.043700,0.15,2,1,true,666,Trend,P,main
96372,R_5p40Gg5vCI7p7VW,398,437,20,0.221700,0.15,2,1,true,558,Trend,P,main
96372,R_5p40Gg5vCI7p7VW,399,35,16,-0.315300,0.15,2,1,true,622,Trend,Q,main
96372,R_5p40Gg5vCI7p7VW,400,184,22,-0.131700,0.15,2,1,false,767,Trend,P,main
96372,R_5p40Gg5vCI7p7VW,401,194,8,-0.043700,0.15,2,1,true,670,Trend,Q,main
96372,R_5p40Gg5vCI7p7VW,402,20,12,-0.315300,0.15,2,1,true,571,Trend,Q,main
96372,R_5p40Gg5vCI7p7VW,403,389,8,0.221700,0.15,2,1,true,583,Trend,P,main
96372,R_5p40Gg5vCI7p7VW,404,428,18,0.221700,0.15,2,1,true,527,Trend,P,main
96372,R_5p40Gg5vCI7p7VW,405,189,22,-0.131700,0.15,2,1,true,602,Trend,Q,main
96372,R_5p40Gg5vCI7p7VW,406,373,20,0.131700,0.15,2,1,true,733,Trend,P,main
96372,R_5p40Gg5vCI7p7VW,407,238,18,-0.043700,0.15,2,1,false,638,Trend,P,main
96372,R_5p40Gg5vCI7p7VW,408,166,16,-0.131700,0.15,2,1,true,601,Trend,Q,main
96372,R_5p40Gg5vCI7p7VW,409,301,18,0.043700,0.15,2,1,true,504,Trend,P,main
96372,R_5p40Gg5vCI7p7VW,410,33,16,-0.315300,0.15,2,1,true,525,Trend,Q,main
96372,R_5p40Gg5vCI7p7VW,411,317,22,0.043700,0.15,2,1,true,478,Trend,P,main
96372,R_5p40Gg5vCI7p7VW,412,195,8,-0.043700,0.15,2,1,false,838,Trend,P,main
96372,R_5p40Gg5vCI7p7VW,413,167,16,-0.131700,0.15,2,1,true,732,Trend,Q,main
96372,R_5p40Gg5vCI7p7VW,414,378,22,0.131700,0.15,2,1,true,675,Trend,P,main
96372,R_5p40Gg5vCI7p7VW,415,122,22,-0.221700,0.15,2,1,false,690,Trend,P,main
96372,R_5p40Gg5vCI7p7VW,416,54,20,-0.315300,0.15,2,1,true,738,Trend,Q,main
96372,R_5p40Gg5vCI7p7VW,417,46,18,-0.315300,0.15,2,1,true,559,Trend,Q,main
96372,R_5p40Gg5vCI7p7VW,418,388,8,0.221700,0.15,2,1,true,569,Trend,P,main
96372,R_5p40Gg5vCI7p7VW,419,396,10,0.221700,0.15,2,1,true,594,Trend,P,main
96372,R_5p40Gg5vCI7p7VW,420,11,10,-0.315300,0.15,2,1,true,662,Trend,Q,main
96372,R_5p40Gg5vCI7p7VW,421,144,12,-0.131700,0.15,2,1,true,925,Trend,Q,main
96372,R_5p40Gg5vCI7p7VW,422,295,16,0.043700,0.15,2,1,true,913,Trend,P,main
96372,R_5p40Gg5vCI7p7VW,423,12,10,-0.315300,0.15,2,1,true,707,Trend,Q,main
96372,R_5p40Gg5vCI7p7VW,424,475,14,0.315300,0.15,2,1,true,504,Trend,P,main
96372,R_5p40Gg5vCI7p7VW,425,40,18,-0.315300,0.15,2,1,true,528,Trend,Q,main
96372,R_5p40Gg5vCI7p7VW,426,423,16,0.221700,0.15,2,1,true,429,Trend,P,main
96372,R_5p40Gg5vCI7p7VW,427,69,8,-0.221700,0.15,2,1,true,397,Trend,Q,main
96372,R_5p40Gg5vCI7p7VW,428,476,14,0.315300,0.15,2,1,true,543,Trend,P,main
96372,R_5p40Gg5vCI7p7VW,429,485,16,0.315300,0.15,2,1,true,518,Trend,P,main
96372,R_5p40Gg5vCI7p7VW,430,322,8,0.131700,0.15,2,1,true,593,Trend,P,main
96372,R_5p40Gg5vCI7p7VW,431,34,16,-0.315300,0.15,2,1,true,583,Trend,Q,main
96372,R_5p40Gg5vCI7p7VW,432,302,18,0.043700,0.15,2,1,true,561,Trend,P,main
96372,R_5p40Gg5vCI7p7VW,433,461,10,0.315300,0.15,2,1,true,547,Trend,P,main
96372,R_5p40Gg5vCI7p7VW,434,282,14,0.043700,0.15,2,1,true,610,Trend,P,main
96372,R_5p40Gg5vCI7p7VW,435,230,16,-0.043700,0.15,2,1,false,805,Trend,P,main
96372,R_5p40Gg5vCI7p7VW,436,361,18,0.131700,0.15,2,1,true,536,Trend,P,main
96372,R_5p40Gg5vCI7p7VW,437,241,20,-0.043700,0.15,2,1,true,769,Trend,Q,main
96372,R_5p40Gg5vCI7p7VW,438,139,10,-0.131700,0.15,2,1,true,824,Trend,Q,main
96372,R_5p40Gg5vCI7p7VW,439,183,20,-0.131700,0.15,2,1,true,909,Trend,Q,main
96372,R_5p40Gg5vCI7p7VW,440,29,14,-0.315300,0.15,2,1,true,623,Trend,Q,main
96372,R_5p40Gg5vCI7p7VW,441,252,22,-0.043700,0.15,2,1,false,832,Trend,P,main
96372,R_5p40Gg5vCI7p7VW,442,19,12,-0.315300,0.15,2,1,true,954,Trend,Q,main
96372,R_5p40Gg5vCI7p7VW,443,251,22,-0.043700,0.15,2,1,false,792,Trend,P,main
96372,R_5p40Gg5vCI7p7VW,444,287,14,0.043700,0.15,2,1,true,556,Trend,P,main
96372,R_5p40Gg5vCI7p7VW,445,339,12,0.131700,0.15,2,1,true,572,Trend,P,main
96372,R_5p40Gg5vCI7p7VW,446,285,14,0.043700,0.15,2,1,true,535,Trend,P,main
96372,R_5p40Gg5vCI7p7VW,447,332,10,0.131700,0.15,2,1,true,582,Trend,P,main
96372,R_5p40Gg5vCI7p7VW,448,330,10,0.131700,0.15,2,1,true,545,Trend,P,main
96372,R_5p40Gg5vCI7p7VW,449,484,16,0.315300,0.15,2,1,true,516,Trend,P,main
96372,R_5p40Gg5vCI7p7VW,450,249,22,-0.043700,0.15,2,1,false,569,Trend,P,main
96372,R_5p40Gg5vCI7p7VW,451,355,16,0.131700,0.15,2,1,true,566,Trend,P,main
96372,R_5p40Gg5vCI7p7VW,452,55,20,-0.315300,0.15,2,1,true,515,Trend,Q,main
96372,R_5p40Gg5vCI7p7VW,453,26,14,-0.315300,0.15,2,1,true,502,Trend,Q,main
96372,R_5p40Gg5vCI7p7VW,454,469,12,0.315300,0.15,2,1,true,603,Trend,P,main
96372,R_5p40Gg5vCI7p7VW,455,300,18,0.043700,0.15,2,1,true,733,Trend,P,main
96372,R_5p40Gg5vCI7p7VW,456,244,20,-0.043700,0.15,2,1,false,1013,Trend,P,main
96372,R_5p40Gg5vCI7p7VW,457,403,12,0.221700,0.15,2,1,true,518,Trend,P,main
96372,R_5p40Gg5vCI7p7VW,458,78,10,-0.221700,0.15,2,1,false,812,Trend,P,main
96372,R_5p40Gg5vCI7p7VW,459,168,18,-0.131700,0.15,2,1,true,691,Trend,Q,main
96372,R_5p40Gg5vCI7p7VW,460,405,12,0.221700,0.15,2,1,true,495,Trend,P,main
96372,R_5p40Gg5vCI7p7VW,461,254,22,-0.043700,0.15,2,1,false,615,Trend,P,main
96372,R_5p40Gg5vCI7p7VW,462,152,14,-0.131700,0.15,2,1,true,1611,Trend,Q,main
96372,R_5p40Gg5vCI7p7VW,463,440,22,0.221700,0.15,2,1,true,603,Trend,P,main
96372,R_5p40Gg5vCI7p7VW,464,23,12,-0.315300,0.15,2,1,true,607,Trend,Q,main
96372,R_5p40Gg5vCI7p7VW,465,441,22,0.221700,0.15,2,1,true,495,Trend,P,main
96372,R_5p40Gg5vCI7p7VW,466,232,18,-0.043700,0.15,2,1,false,529,Trend,P,main
96372,R_5p40Gg5vCI7p7VW,467,192,8,-0.043700,0.15,2,1,false,518,Trend,P,main
96372,R_5p40Gg5vCI7p7VW,468,489,18,0.315300,0.15,2,1,true,499,Trend,P,main
96372,R_5p40Gg5vCI7p7VW,469,387,8,0.221700,0.15,2,1,true,440,Trend,P,main
96372,R_5p40Gg5vCI7p7VW,470,493,18,0.315300,0.15,2,1,true,486,Trend,P,main
96372,R_5p40Gg5vCI7p7VW,471,447,22,0.221700,0.15,2,1,true,490,Trend,P,main
96372,R_5p40Gg5vCI7p7VW,472,123,22,-0.221700,0.15,2,1,true,505,Trend,Q,main
96372,R_5p40Gg5vCI7p7VW,473,74,10,-0.221700,0.15,2,1,true,606,Trend,Q,main
96372,R_5p40Gg5vCI7p7VW,474,415,14,0.221700,0.15,2,1,true,491,Trend,P,main
96372,R_5p40Gg5vCI7p7VW,475,262,8,0.043700,0.15,2,1,true,527,Trend,P,main
96372,R_5p40Gg5vCI7p7VW,476,328,10,0.131700,0.15,2,1,true,541,Trend,P,main
96372,R_5p40Gg5vCI7p7VW,477,155,14,-0.131700,0.15,2,1,true,538,Trend,Q,main
96372,R_5p40Gg5vCI7p7VW,478,293,16,0.043700,0.15,2,1,true,643,Trend,P,main
96372,R_5p40Gg5vCI7p7VW,479,261,8,0.043700,0.15,2,1,true,543,Trend,P,main
96372,R_5p40Gg5vCI7p7VW,480,111,18,-0.221700,0.15,2,1,true,11410,Trend,Q,main
96372,R_5p40Gg5vCI7p7VW,481,188,22,-0.131700,0.15,2,1,true,799,Trend,Q,main
96372,R_5p40Gg5vCI7p7VW,482,199,8,-0.043700,0.15,2,1,false,865,Trend,P,main
96372,R_5p40Gg5vCI7p7VW,483,455,8,0.315300,0.15,2,1,true,979,Trend,P,main
96372,R_5p40Gg5vCI7p7VW,484,0,8,-0.315300,0.15,2,1,true,713,Trend,Q,main
96372,R_5p40Gg5vCI7p7VW,485,200,10,-0.043700,0.15,2,1,false,704,Trend,P,main
96372,R_5p40Gg5vCI7p7VW,486,233,18,-0.043700,0.15,2,1,false,705,Trend,P,main
96372,R_5p40Gg5vCI7p7VW,487,395,10,0.221700,0.15,2,1,true,1547,Trend,P,main
96372,R_5p40Gg5vCI7p7VW,488,87,12,-0.221700,0.15,2,1,true,3056,Trend,Q,main
96372,R_5p40Gg5vCI7p7VW,489,507,22,0.315300,0.15,2,1,true,556,Trend,P,main
96372,R_5p40Gg5vCI7p7VW,490,417,16,0.221700,0.15,2,1,true,504,Trend,P,main
96372,R_5p40Gg5vCI7p7VW,491,385,8,0.221700,0.15,2,1,true,532,Trend,P,main
96372,R_5p40Gg5vCI7p7VW,492,498,20,0.315300,0.15,2,1,true,435,Trend,P,main
96372,R_5p40Gg5vCI7p7VW,493,208,12,-0.043700,0.15,2,1,true,1104,Trend,Q,main
96372,R_5p40Gg5vCI7p7VW,494,511,22,0.315300,0.15,2,1,true,461,Trend,P,main
96372,R_5p40Gg5vCI7p7VW,495,379,22,0.131700,0.15,2,1,true,382,Trend,P,main
96372,R_5p40Gg5vCI7p7VW,496,382,22,0.131700,0.15,2,1,true,580,Trend,P,main
96372,R_5p40Gg5vCI7p7VW,497,213,12,-0.043700,0.15,2,1,true,1118,Trend,Q,main
96372,R_5p40Gg5vCI7p7VW,498,384,8,0.221700,0.15,2,1,true,561,Trend,P,main
96372,R_5p40Gg5vCI7p7VW,499,481,16,0.315300,0.15,2,1,true,486,Trend,P,main
96372,R_5p40Gg5vCI7p7VW,500,234,18,-0.043700,0.15,2,1,true,583,Trend,Q,main
96372,R_5p40Gg5vCI7p7VW,501,377,22,0.131700,0.15,2,1,true,614,Trend,P,main
96372,R_5p40Gg5vCI7p7VW,502,93,14,-0.221700,0.15,2,1,true,608,Trend,Q,main
96372,R_5p40Gg5vCI7p7VW,503,362,18,0.131700,0.15,2,1,true,476,Trend,P,main
96372,R_5p40Gg5vCI7p7VW,504,62,22,-0.315300,0.15,2,1,true,532,Trend,Q,main
96372,R_5p40Gg5vCI7p7VW,505,309,20,0.043700,0.15,2,1,true,627,Trend,P,main
96372,R_5p40Gg5vCI7p7VW,506,335,10,0.131700,0.15,2,1,true,632,Trend,P,main
96372,R_5p40Gg5vCI7p7VW,507,45,18,-0.315300,0.15,2,1,true,611,Trend,Q,main
96372,R_5p40Gg5vCI7p7VW,508,310,20,0.043700,0.15,2,1,true,507,Trend,P,main
96372,R_5p40Gg5vCI7p7VW,509,477,14,0.315300,0.15,2,1,true,518,Trend,P,main
96372,R_5p40Gg5vCI7p7VW,510,141,10,-0.131700,0.15,2,1,true,758,Trend,Q,main
96372,R_5p40Gg5vCI7p7VW,511,44,18,-0.315300,0.15,2,1,false,2406,Trend,P,main
96372,R_5p40Gg5vCI7p7VW,512,247,20,-0.043700,0.15,2,1,true,770,Trend,Q,main
96372,R_5p40Gg5vCI7p7VW,513,214,12,-0.043700,0.15,2,1,false,704,Trend,P,main
96372,R_5p40Gg5vCI7p7VW,514,163,16,-0.131700,0.15,2,1,true,937,Trend,Q,main
96372,R_5p40Gg5vCI7p7VW,515,120,22,-0.221700,0.15,2,1,true,544,Trend,Q,main
96372,R_5p40Gg5vCI7p7VW,516,354,16,0.131700,0.15,2,1,true,631,Trend,P,main
96372,R_5p40Gg5vCI7p7VW,517,60,22,-0.315300,0.15,2,1,true,440,Trend,Q,main
96372,R_5p40Gg5vCI7p7VW,518,224,16,-0.043700,0.15,2,1,false,983,Trend,P,main
96372,R_5p40Gg5vCI7p7VW,519,326,8,0.131700,0.15,2,1,true,526,Trend,P,main
96372,R_5p40Gg5vCI7p7VW,520,90,14,-0.221700,0.15,2,1,true,759,Trend,Q,main
96372,R_5p40Gg5vCI7p7VW,521,337,12,0.131700,0.15,2,1,true,648,Trend,P,main
96372,R_5p40Gg5vCI7p7VW,522,418,16,0.221700,0.15,2,1,true,650,Trend,P,main
