sonaId,qualtricsResponseId,trialNumber,stimulusIndex,n,slope,noise,responseCode,blockOrder,accuracy,reactionTime,blockName,responseKey,trialType
96635,R_3qjRWwvYM7cUb9J,1,27,14,-0.087500,0.15,1,1,false,7785,Trend,Q,training
96635,R_3qjRWwvYM7cUb9J,2,53,18,0.267900,0.15,1,1,true,2935,Trend,Q,training
96635,R_3qjRWwvYM7cUb9J,3,3,14,-0.364000,0.15,1,1,true,2576,Trend,P,training
96635,R_3qjRWwvYM7cUb9J,4,15,22,-0.267900,0.15,1,1,true,2656,Trend,P,training
96635,R_3qjRWwvYM7cUb9J,5,22,20,-0.176300,0.15,1,1,true,2356,Trend,P,training
96635,R_3qjRWwvYM7cUb9J,6,51,14,0.267900,0.15,1,1,true,2717,Trend,Q,training
96635,R_3qjRWwvYM7cUb9J,7,28,16,-0.087500,0.15,1,1,true,2490,Trend,P,training
96635,R_3qjRWwvYM7cUb9J,8,49,10,0.267900,0.15,1,1,true,2282,Trend,Q,training
96635,R_3qjRWwvYM7cUb9J,9,54,20,0.267900,0.15,1,1,true,2068,Trend,Q,training
96635,R_3qjRWwvYM7cUb9J,10,44,16,0.176300,0.15,1,1,true,2027,Trend,Q,training
96635,R_3qjRWwvYM7cUb9J,11,55,18,-0.267900,0.15,1,1,true,2029,Trend,P,main
96635,R_3qjRWwvYM7cUb9J,12,27,20,-0.364000,0.15,1,1,false,2093,Trend,Q,main
96635,R_3qjRWwvYM7cUb9J,13,188,22,0.176300,0.15,1,1,true,3620,Trend,Q,main
96635,R_3qjRWwvYM7cUb9J,14,31,22,-0.364000,0.15,1,1,true,1965,Trend,P,main
96635,R_3qjRWwvYM7cUb9J,15,150,18,0.087500,0.15,1,1,true,1816,Trend,Q,main
96635,R_3qjRWwvYM7cUb9J,16,48,16,-0.267900,0.15,1,1,true,2107,Trend,P,main
96635,R_3qjRWwvYM7cUb9J,17,135,10,0.087500,0.15,1,1,true,1964,Trend,Q,main
96635,R_3qjRWwvYM7cUb9J,18,127,22,-0.087500,0.15,1,1,false,1809,Trend,Q,main
96635,R_3qjRWwvYM7cUb9J,19,77,14,-0.176300,0.15,1,1,true,2023,Trend,P,main
96635,R_3qjRWwvYM7cUb9J,20,125,22,-0.087500,0.15,1,1,true,2063,Trend,P,main
96635,R_3qjRWwvYM7cUb9J,21,8,12,-0.364000,0.15,1,1,true,2098,Trend,P,main
96635,R_3qjRWwvYM7cUb9J,22,132,10,0.087500,0.15,1,1,false,2055,Trend,P,main
96635,R_3qjRWwvYM7cUb9J,23,122,20,-0.087500,0.15,1,1,true,2058,Trend,P,main
96635,R_3qjRWwvYM7cUb9J,24,119,18,-0.087500,0.15,1,1,true,2001,Trend,P,main
96635,R_3qjRWwvYM7cUb9J,25,111,14,-0.087500,0.15,1,1,true,1942,Trend,P,main
96635,R_3qjRWwvYM7cUb9J,26,110,14,-0.087500,0.15,1,1,true,2163,Trend,P,main
96635,R_3qjRWwvYM7cUb9J,27,218,20,0.267900,0.15,1,1,true,1991,Trend,Q,main
96635,R_3qjRWwvYM7cUb9J,28,4,10,-0.364000,0.15,1,1,true,1888,Trend,P,main
96635,R_3qjRWwvYM7cUb9J,29,98,8,-0.087500,0.15,1,1,true,1863,Trend,P,main
96635,R_3qjRWwvYM7cUb9J,30,91,20,-0.176300,0.15,1,1,true,2081,Trend,P,main
96635,R_3qjRWwvYM7cUb9J,31,155,20,0.087500,0.15,1,1,true,2014,Trend,Q,main
96635,R_3qjRWwvYM7cUb9J,32,129,8,0.087500,0.15,1,1,true,1942,Trend,Q,main
96635,R_3qjRWwvYM7cUb9J,33,230,10,0.364000,0.15,1,1,true,1127,Trend,Q,main
96635,R_3qjRWwvYM7cUb9J,34,203,12,0.267900,0.15,1,1,true,774,Trend,Q,main
96635,R_3qjRWwvYM7cUb9J,35,66,8,-0.176300,0.15,1,1,true,699,Trend,P,main
96635,R_3qjRWwvYM7cUb9J,36,6,10,-0.364000,0.15,1,1,true,584,Trend,P,main
96635,R_3qjRWwvYM7cUb9J,37,244,18,0.364000,0.15,1,1,true,518,Trend,Q,main
96635,R_3qjRWwvYM7cUb9J,38,184,20,0.176300,0.15,1,1,true,1176,Trend,Q,main
96635,R_3qjRWwvYM7cUb9J,39,157,22,0.087500,0.15,1,1,true,1507,Trend,Q,main
96635,R_3qjRWwvYM7cUb9J,40,12,14,-0.364000,0.15,1,1,true,845,Trend,P,main
96635,R_3qjRWwvYM7cUb9J,41,133,10,0.087500,0.15,1,1,true,666,Trend,Q,main
96635,R_3qjRWwvYM7cUb9J,42,131,8,0.087500,0.15,1,1,true,596,Trend,Q,main
96635,R_3qjRWwvYM7cUb9J,43,138,12,0.087500,0.15,1,1,true,680,Trend,Q,main
96635,R_3qjRWwvYM7cUb9J,44,142,14,0.087500,0.15,1,1,true,603,Trend,Q,main
96635,R_3qjRWwvYM7cUb9J,45,136,12,0.087500,0.15,1,1,false,2711,Trend,P,main
96635,R_3qjRWwvYM7cUb9J,46,130,8,0.087500,0.15,1,1,true,1187,Trend,Q,main
96635,R_3qjRWwvYM7cUb9J,47,160,8,0.176300,0.15,1,1,true,808,Trend,Q,main
96635,R_3qjRWwvYM7cUb9J,48,181,18,0.176300,0.15,1,1,true,615,Trend,Q,main
96635,R_3qjRWwvYM7cUb9J,49,58,20,-0.267900,0.15,1,1,true,576,Trend,P,main
96635,R_3qjRWwvYM7cUb9J,50,190,22,0.176300,0.15,1,1,true,698,Trend,Q,main
96635,R_3qjRWwvYM7cUb9J,51,222,22,0.267900,0.15,1,1,true,497,Trend,Q,main
96635,R_3qjRWwvYM7cUb9J,52,173,14,0.176300,0.15,1,1,true,702,Trend,Q,main
96635,R_3qjRWwvYM7cUb9J,53,239,14,0.364000,0.15,1,1,true,482,Trend,Q,main
96635,R_3qjRWwvYM7cUb9J,54,28,22,-0.364000,0.15,1,1,true,655,Trend,P,main
96635,R_3qjRWwvYM7cUb9J,55,113,16,-0.087500,0.15,1,1,true,1029,Trend,P,main
96635,R_3qjRWwvYM7cUb9J,56,196,10,0.267900,0.15,1,1,true,649,Trend,Q,main
96635,R_3qjRWwvYM7cUb9J,57,108,14,-0.087500,0.15,1,1,true,697,Trend,P,main
96635,R_3qjRWwvYM7cUb9J,58,187,20,0.176300,0.15,1,1,true,1102,Trend,Q,main
96635,R_3qjRWwvYM7cUb9J,59,199,10,0.267900,0.15,1,1,true,1042,Trend,Q,main
96635,R_3qjRWwvYM7cUb9J,60,30,22,-0.364000,0.15,1,1,true,1139,Trend,P,main
96635,R_3qjRWwvYM7cUb9J,61,149,18,0.087500,0.15,1,1,true,1142,Trend,Q,main
96635,R_3qjRWwvYM7cUb9J,62,195,8,0.267900,0.15,1,1,true,687,Trend,Q,main
96635,R_3qjRWwvYM7cUb9J,63,241,16,0.364000,0.15,1,1,true,544,Trend,Q,main
96635,R_3qjRWwvYM7cUb9J,64,243,16,0.364000,0.15,1,1,true,656,Trend,Q,main
96635,R_3qjRWwvYM7cUb9J,65,139,12,0.087500,0.15,1,1,true,573,Trend,Q,main
96635,R_3qjRWwvYM7cUb9J,66,216,20,0.267900,0.15,1,1,true,562,Trend,Q,main
96635,R_3qjRWwvYM7cUb9J,67,88,20,-0.176300,0.15,1,1,true,566,Trend,P,main
96635,R_3qjRWwvYM7cUb9J,68,95,22,-0.176300,0.15,1,1,true,549,Trend,P,main
96635,R_3qjRWwvYM7cUb9J,69,39,10,-0.267900,0.15,1,1,true,641,Trend,P,main
96635,R_3qjRWwvYM7cUb9J,70,68,10,-0.176300,0.15,1,1,true,574,Trend,P,main
96635,R_3qjRWwvYM7cUb9J,71,36,10,-0.267900,0.15,1,1,true,573,Trend,P,main
96635,R_3qjRWwvYM7cUb9J,72,2,8,-0.364000,0.15,1,1,true,508,Trend,P,main
96635,R_3qjRWwvYM7cUb9J,73,200,12,0.267900,0.15,1,1,true,686,Trend,Q,main
96635,R_3qjRWwvYM7cUb9J,74,9,12,-0.364000,0.15,1,1,true,2107,Trend,P,main
96635,R_3qjRWwvYM7cUb9J,75,112,16,-0.087500,0.15,1,1,true,713,Trend,P,main
96635,R_3qjRWwvYM7cUb9J,76,19,16,-0.364000,0.15,1,1,true,531,Trend,P,main
96635,R_3qjRWwvYM7cUb9J,77,210,16,0.267900,0.15,1,1,true,537,Trend,Q,main
96635,R_3qjRWwvYM7cUb9J,78,86,18,-0.176300,0.15,1,1,true,1035,Trend,P,main
96635,R_3qjRWwvYM7cUb9J,79,238,14,0.364000,0.15,1,1,true,758,Trend,Q,main
96635,R_3qjRWwvYM7cUb9J,80,22,18,-0.364000,0.15,1,1,true,602,Trend,P,main
96635,R_3qjRWwvYM7cUb9J,81,69,10,-0.176300,0.15,1,1,false,959,Trend,Q,main
96635,R_3qjRWwvYM7cUb9J,82,56,20,-0.267900,0.15,1,1,true,1400,Trend,P,main
96635,R_3qjRWwvYM7cUb9J,83,10,12,-0.364000,0.15,1,1,true,702,Trend,P,main
96635,R_3qjRWwvYM7cUb9J,84,159,22,0.087500,0.15,1,1,true,631,Trend,Q,main
96635,R_3qjRWwvYM7cUb9J,85,59,20,-0.267900,0.15,1,1,true,833,Trend,P,main
96635,R_3qjRWwvYM7cUb9J,86,137,12,0.087500,0.15,1,1,true,1470,Trend,Q,main
96635,R_3qjRWwvYM7cUb9J,87,164,10,0.176300,0.15,1,1,true,1238,Trend,Q,main
96635,R_3qjRWwvYM7cUb9J,88,121,20,-0.087500,0.15,1,1,true,783,Trend,P,main
96635,R_3qjRWwvYM7cUb9J,89,85,18,-0.176300,0.15,1,1,true,1916,Trend,P,main
96635,R_3qjRWwvYM7cUb9J,90,165,10,0.176300,0.15,1,1,true,747,Trend,Q,main
96635,R_3qjRWwvYM7cUb9J,91,229,10,0.364000,0.15,1,1,true,688,Trend,Q,main
96635,R_3qjRWwvYM7cUb9J,92,240,16,0.364000,0.15,1,1,true,592,Trend,Q,main
96635,R_3qjRWwvYM7cUb9J,93,231,10,0.364000,0.15,1,1,true,608,Trend,Q,main
96635,R_3qjRWwvYM7cUb9J,94,72,12,-0.176300,0.15,1,1,true,697,Trend,P,main
96635,R_3qjRWwvYM7cUb9J,95,192,8,0.267900,0.15,1,1,true,805,Trend,Q,main
96635,R_3qjRWwvYM7cUb9J,96,26,20,-0.364000,0.15,1,1,true,722,Trend,P,main
96635,R_3qjRWwvYM7cUb9J,97,252,22,0.364000,0.15,1,1,true,637,Trend,Q,main
96635,R_3qjRWwvYM7cUb9J,98,0,8,-0.364000,0.15,1,1,true,487,Trend,P,main
96635,R_3qjRWwvYM7cUb9J,99,35,8,-0.267900,0.15,1,1,true,1821,Trend,P,main
96635,R_3qjRWwvYM7cUb9J,100,126,22,-0.087500,0.15,1,1,true,723,Trend,P,main
96635,R_3qjRWwvYM7cUb9J,101,25,20,-0.364000,0.15,1,1,true,1231,Trend,P,main
96635,R_3qjRWwvYM7cUb9J,102,175,14,0.176300,0.15,1,1,true,815,Trend,Q,main
96635,R_3qjRWwvYM7cUb9J,103,11,12,-0.364000,0.15,1,1,true,677,Trend,P,main
96635,R_3qjRWwvYM7cUb9J,104,219,20,0.267900,0.15,1,1,true,518,Trend,Q,main
96635,R_3qjRWwvYM7cUb9J,105,51,16,-0.267900,0.15,1,1,true,916,Trend,P,main
96635,R_3qjRWwvYM7cUb9J,106,254,22,0.364000,0.15,1,1,true,674,Trend,Q,main
96635,R_3qjRWwvYM7cUb9J,107,209,16,0.267900,0.15,1,1,true,521,Trend,Q,main
96635,R_3qjRWwvYM7cUb9J,108,251,20,0.364000,0.15,1,1,true,427,Trend,Q,main
96635,R_3qjRWwvYM7cUb9J,109,221,22,0.267900,0.15,1,1,true,691,Trend,Q,main
96635,R_3qjRWwvYM7cUb9J,110,103,10,-0.087500,0.15,1,1,true,1184,Trend,P,main
96635,R_3qjRWwvYM7cUb9J,111,201,12,0.267900,0.15,1,1,true,739,Trend,Q,main
96635,R_3qjRWwvYM7cUb9J,112,101,10,-0.087500,0.15,1,1,true,832,Trend,P,main
96635,R_3qjRWwvYM7cUb9J,113,169,12,0.176300,0.15,1,1,true,590,Trend,Q,main
96635,R_3qjRWwvYM7cUb9J,114,44,14,-0.267900,0.15,1,1,false,798,Trend,Q,main
96635,R_3qjRWwvYM7cUb9J,115,78,14,-0.176300,0.15,1,1,true,815,Trend,P,main
96635,R_3qjRWwvYM7cUb9J,116,148,18,0.087500,0.15,1,1,true,1131,Trend,Q,main
96635,R_3qjRWwvYM7cUb9J,117,220,22,0.267900,0.15,1,1,true,1139,Trend,Q,main
96635,R_3qjRWwvYM7cUb9J,118,217,20,0.267900,0.15,1,1,true,632,Trend,Q,main
96635,R_3qjRWwvYM7cUb9J,119,7,10,-0.364000,0.15,1,1,true,729,Trend,P,main
96635,R_3qjRWwvYM7cUb9J,120,13,14,-0.364000,0.15,1,1,true,627,Trend,P,main
96635,R_3qjRWwvYM7cUb9J,121,207,14,0.267900,0.15,1,1,true,597,Trend,Q,main
96635,R_3qjRWwvYM7cUb9J,122,151,18,0.087500,0.15,1,1,true,704,Trend,Q,main
96635,R_3qjRWwvYM7cUb9J,123,204,14,0.267900,0.15,1,1,true,698,Trend,Q,main
96635,R_3qjRWwvYM7cUb9J,124,54,18,-0.267900,0.15,1,1,true,694,Trend,P,main
96635,R_3qjRWwvYM7cUb9J,125,253,22,0.364000,0.15,1,1,true,2105,Trend,Q,main
96635,R_3qjRWwvYM7cUb9J,126,152,20,0.087500,0.15,1,1,true,733,Trend,Q,main
96635,R_3qjRWwvYM7cUb9J,127,250,20,0.364000,0.15,1,1,true,480,Trend,Q,main
96635,R_3qjRWwvYM7cUb9J,128,189,22,0.176300,0.15,1,1,true,553,Trend,Q,main
96635,R_3qjRWwvYM7cUb9J,129,60,22,-0.267900,0.15,1,1,true,530,Trend,P,main
96635,R_3qjRWwvYM7cUb9J,130,249,20,0.364000,0.15,1,1,true,696,Trend,Q,main
96635,R_3qjRWwvYM7cUb9J,131,227,8,0.364000,0.15,1,1,true,654,Trend,Q,main
96635,R_3qjRWwvYM7cUb9J,132,29,22,-0.364000,0.15,1,1,true,508,Trend,P,main
96635,R_3qjRWwvYM7cUb9J,133,5,10,-0.364000,0.15,1,1,true,1416,Trend,P,main
96635,R_3qjRWwvYM7cUb9J,134,102,10,-0.087500,0.15,1,1,true,1253,Trend,P,main
96635,R_3qjRWwvYM7cUb9J,135,146,16,0.087500,0.15,1,1,true,1246,Trend,Q,main
96635,R_3qjRWwvYM7cUb9J,136,97,8,-0.087500,0.15,1,1,false,1667,Trend,Q,main
96635,R_3qjRWwvYM7cUb9J,137,50,16,-0.267900,0.15,1,1,false,2161,Trend,Q,main
96635,R_3qjRWwvYM7cUb9J,138,233,12,0.364000,0.15,1,1,true,805,Trend,Q,main
96635,R_3qjRWwvYM7cUb9J,139,144,16,0.087500,0.15,1,1,true,6576,Trend,Q,main
96635,R_3qjRWwvYM7cUb9J,140,94,22,-0.176300,0.15,1,1,true,693,Trend,P,main
96635,R_3qjRWwvYM7cUb9J,141,143,14,0.087500,0.15,1,1,true,1761,Trend,Q,main
96635,R_3qjRWwvYM7cUb9J,142,37,10,-0.267900,0.15,1,1,true,767,Trend,P,main
96635,R_3qjRWwvYM7cUb9J,143,41,12,-0.267900,0.15,1,1,true,709,Trend,P,main
96635,R_3qjRWwvYM7cUb9J,144,166,10,0.176300,0.15,1,1,true,554,Trend,Q,main
96635,R_3qjRWwvYM7cUb9J,145,198,10,0.267900,0.15,1,1,true,436,Trend,Q,main
96635,R_3qjRWwvYM7cUb9J,146,105,12,-0.087500,0.15,1,1,true,545,Trend,P,main
96635,R_3qjRWwvYM7cUb9J,147,75,12,-0.176300,0.15,1,1,true,714,Trend,P,main
96635,R_3qjRWwvYM7cUb9J,148,45,14,-0.267900,0.15,1,1,true,763,Trend,P,main
96635,R_3qjRWwvYM7cUb9J,149,163,8,0.176300,0.15,1,1,true,538,Trend,Q,main
96635,R_3qjRWwvYM7cUb9J,150,141,14,0.087500,0.15,1,1,true,742,Trend,Q,main
96635,R_3qjRWwvYM7cUb9J,151,232,12,0.364000,0.15,1,1,true,521,Trend,Q,main
96635,R_3qjRWwvYM7cUb9J,152,93,22,-0.176300,0.15,1,1,true,622,Trend,P,main
96635,R_3qjRWwvYM7cUb9J,153,107,12,-0.087500,0.15,1,1,true,583,Trend,P,main
96635,R_3qjRWwvYM7cUb9J,154,114,16,-0.087500,0.15,1,1,true,529,Trend,P,main
96635,R_3qjRWwvYM7cUb9J,155,115,16,-0.087500,0.15,1,1,true,514,Trend,P,main
96635,R_3qjRWwvYM7cUb9J,156,74,12,-0.176300,0.15,1,1,true,558,Trend,P,main
96635,R_3qjRWwvYM7cUb9J,157,178,16,0.176300,0.15,1,1,true,891,Trend,Q,main
96635,R_3qjRWwvYM7cUb9J,158,145,16,0.087500,0.15,1,1,true,599,Trend,Q,main
96635,R_3qjRWwvYM7cUb9J,159,245,18,0.364000,0.15,1,1,true,504,Trend,Q,main
96635,R_3qjRWwvYM7cUb9J,160,183,18,0.176300,0.15,1,1,true,1005,Trend,Q,main
96635,R_3qjRWwvYM7cUb9J,161,202,12,0.267900,0.15,1,1,true,435,Trend,Q,main
96635,R_3qjRWwvYM7cUb9J,162,224,8,0.364000,0.15,1,1,true,527,Trend,Q,main
96635,R_3qjRWwvYM7cUb9J,163,84,18,-0.176300,0.15,1,1,true,659,Trend,P,main
96635,R_3qjRWwvYM7cUb9J,164,47,14,-0.267900,0.15,1,1,true,503,Trend,P,main
96635,R_3qjRWwvYM7cUb9J,165,228,10,0.364000,0.15,1,1,true,730,Trend,Q,main
96635,R_3qjRWwvYM7cUb9J,166,118,18,-0.087500,0.15,1,1,true,1364,Trend,P,main
96635,R_3qjRWwvYM7cUb9J,167,120,20,-0.087500,0.15,1,1,true,880,Trend,P,main
96635,R_3qjRWwvYM7cUb9J,168,17,16,-0.364000,0.15,1,1,true,531,Trend,P,main
96635,R_3qjRWwvYM7cUb9J,169,171,12,0.176300,0.15,1,1,true,509,Trend,Q,main
96635,R_3qjRWwvYM7cUb9J,170,52,18,-0.267900,0.15,1,1,true,607,Trend,P,main
96635,R_3qjRWwvYM7cUb9J,171,57,20,-0.267900,0.15,1,1,true,676,Trend,P,main
96635,R_3qjRWwvYM7cUb9J,172,62,22,-0.267900,0.15,1,1,true,952,Trend,P,main
96635,R_3qjRWwvYM7cUb9J,173,191,22,0.176300,0.15,1,1,true,490,Trend,Q,main
96635,R_3qjRWwvYM7cUb9J,174,96,8,-0.087500,0.15,1,1,true,1159,Trend,P,main
96635,R_3qjRWwvYM7cUb9J,175,83,16,-0.176300,0.15,1,1,true,1594,Trend,P,main
96635,R_3qjRWwvYM7cUb9J,176,236,14,0.364000,0.15,1,1,true,712,Trend,Q,main
96635,R_3qjRWwvYM7cUb9J,177,128,8,0.087500,0.15,1,1,true,1181,Trend,Q,main
96635,R_3qjRWwvYM7cUb9J,178,248,20,0.364000,0.15,1,1,true,661,Trend,Q,main
96635,R_3qjRWwvYM7cUb9J,179,106,12,-0.087500,0.15,1,1,true,1103,Trend,P,main
96635,R_3qjRWwvYM7cUb9J,180,67,8,-0.176300,0.15,1,1,true,565,Trend,P,main
96635,R_3qjRWwvYM7cUb9J,181,15,14,-0.364000,0.15,1,1,true,454,Trend,P,main
96635,R_3qjRWwvYM7cUb9J,182,215,18,0.267900,0.15,1,1,true,512,Trend,Q,main
96635,R_3qjRWwvYM7cUb9J,183,242,16,0.364000,0.15,1,1,true,597,Trend,Q,main
96635,R_3qjRWwvYM7cUb9J,184,24,20,-0.364000,0.15,1,1,true,611,Trend,P,main
96635,R_3qjRWwvYM7cUb9J,185,20,18,-0.364000,0.15,1,1,true,544,Trend,P,main
96635,R_3qjRWwvYM7cUb9J,186,134,10,0.087500,0.15,1,1,true,1070,Trend,Q,main
96635,R_3qjRWwvYM7cUb9J,187,21,18,-0.364000,0.15,1,1,true,670,Trend,P,main
96635,R_3qjRWwvYM7cUb9J,188,247,18,0.364000,0.15,1,1,true,638,Trend,Q,main
96635,R_3qjRWwvYM7cUb9J,189,179,16,0.176300,0.15,1,1,true,534,Trend,Q,main
96635,R_3qjRWwvYM7cUb9J,190,213,18,0.267900,0.15,1,1,true,491,Trend,Q,main
96635,R_3qjRWwvYM7cUb9J,191,214,18,0.267900,0.15,1,1,true,574,Trend,Q,main
96635,R_3qjRWwvYM7cUb9J,192,180,18,0.176300,0.15,1,1,true,1327,Trend,Q,main
96635,R_3qjRWwvYM7cUb9J,193,208,16,0.267900,0.15,1,1,true,2721,Trend,Q,main
96635,R_3qjRWwvYM7cUb9J,194,14,14,-0.364000,0.15,1,1,true,597,Trend,P,main
96635,R_3qjRWwvYM7cUb9J,195,82,16,-0.176300,0.15,1,1,true,708,Trend,P,main
96635,R_3qjRWwvYM7cUb9J,196,177,16,0.176300,0.15,1,1,true,769,Trend,Q,main
96635,R_3qjRWwvYM7cUb9J,197,237,14,0.364000,0.15,1,1,true,797,Trend,Q,main
96635,R_3qjRWwvYM7cUb9J,198,3,8,-0.364000,0.15,1,1,true,720,Trend,P,main
96635,R_3qjRWwvYM7cUb9J,199,225,8,0.364000,0.15,1,1,false,680,Trend,P,main
96635,R_3qjRWwvYM7cUb9J,200,186,20,0.176300,0.15,1,1,true,1449,Trend,Q,main
96635,R_3qjRWwvYM7cUb9J,201,70,10,-0.176300,0.15,1,1,true,781,Trend,P,main
96635,R_3qjRWwvYM7cUb9J,202,153,20,0.087500,0.15,1,1,true,626,Trend,Q,main
96635,R_3qjRWwvYM7cUb9J,203,33,8,-0.267900,0.15,1,1,false,775,Trend,Q,main
96635,R_3qjRWwvYM7cUb9J,204,161,8,0.176300,0.15,1,1,true,524,Trend,Q,main
96635,R_3qjRWwvYM7cUb9J,205,71,10,-0.176300,0.15,1,1,true,539,Trend,P,main
96635,R_3qjRWwvYM7cUb9J,206,147,16,0.087500,0.15,1,1,true,594,Trend,Q,main
96635,R_3qjRWwvYM7cUb9J,207,223,22,0.267900,0.15,1,1,true,711,Trend,Q,main
96635,R_3qjRWwvYM7cUb9J,208,117,18,-0.087500,0.15,1,1,true,898,Trend,P,main
96635,R_3qjRWwvYM7cUb9J,209,40,12,-0.267900,0.15,1,1,true,600,Trend,P,main
96635,R_3qjRWwvYM7cUb9J,210,235,12,0.364000,0.15,1,1,true,549,Trend,Q,main
96635,R_3qjRWwvYM7cUb9J,211,211,16,0.267900,0.15,1,1,true,631,Trend,Q,main
96635,R_3qjRWwvYM7cUb9J,212,194,8,0.267900,0.15,1,1,true,565,Trend,Q,main
96635,R_3qjRWwvYM7cUb9J,213,100,10,-0.087500,0.15,1,1,false,945,Trend,Q,main
96635,R_3qjRWwvYM7cUb9J,214,212,18,0.267900,0.15,1,1,false,515,Trend,P,main
96635,R_3qjRWwvYM7cUb9J,215,124,22,-0.087500,0.15,1,1,true,1254,Trend,P,main
96635,R_3qjRWwvYM7cUb9J,216,182,18,0.176300,0.15,1,1,true,773,Trend,Q,main
96635,R_3qjRWwvYM7cUb9J,217,18,16,-0.364000,0.15,1,1,true,1099,Trend,P,main
96635,R_3qjRWwvYM7cUb9J,218,38,10,-0.267900,0.15,1,1,true,593,Trend,P,main
96635,R_3qjRWwvYM7cUb9J,219,87,18,-0.176300,0.15,1,1,true,899,Trend,P,main
96635,R_3qjRWwvYM7cUb9J,220,16,16,-0.364000,0.15,1,1,true,569,Trend,P,main
96635,R_3qjRWwvYM7cUb9J,221,197,10,0.267900,0.15,1,1,true,563,Trend,Q,main
96635,R_3qjRWwvYM7cUb9J,222,234,12,0.364000,0.15,1,1,true,620,Trend,Q,main
96635,R_3qjRWwvYM7cUb9J,223,109,14,-0.087500,0.15,1,1,true,628,Trend,P,main
96635,R_3qjRWwvYM7cUb9J,224,32,8,-0.267900,0.15,1,1,true,667,Trend,P,main
96635,R_3qjRWwvYM7cUb9J,225,174,14,0.176300,0.15,1,1,true,848,Trend,Q,main
96635,R_3qjRWwvYM7cUb9J,226,76,14,-0.176300,0.15,1,1,true,650,Trend,P,main
96635,R_3qjRWwvYM7cUb9J,227,34,8,-0.267900,0.15,1,1,true,800,Trend,P,main
96635,R_3qjRWwvYM7cUb9J,228,89,20,-0.176300,0.15,1,1,false,1097,Trend,Q,main
96635,R_3qjRWwvYM7cUb9J,229,99,8,-0.087500,0.15,1,1,true,685,Trend,P,main
96635,R_3qjRWwvYM7cUb9J,230,154,20,0.087500,0.15,1,1,true,1135,Trend,Q,main
96635,R_3qjRWwvYM7cUb9J,231,172,14,0.176300,0.15,1,1,true,542,Trend,Q,main
96635,R_3qjRWwvYM7cUb9J,232,116,18,-0.087500,0.15,1,1,true,715,Trend,P,main
96635,R_3qjRWwvYM7cUb9J,233,81,16,-0.176300,0.15,1,1,true,505,Trend,P,main
96635,R_3qjRWwvYM7cUb9J,234,80,16,-0.176300,0.15,1,1,false,1293,Trend,Q,main
96635,R_3qjRWwvYM7cUb9J,235,193,8,0.267900,0.15,1,1,true,722,Trend,Q,main
96635,R_3qjRWwvYM7cUb9J,236,246,18,0.364000,0.15,1,1,false,574,Trend,P,main
96635,R_3qjRWwvYM7cUb9J,237,79,14,-0.176300,0.15,1,1,true,891,Trend,P,main
96635,R_3qjRWwvYM7cUb9J,238,64,8,-0.176300,0.15,1,1,true,781,Trend,P,main
96635,R_3qjRWwvYM7cUb9J,239,49,16,-0.267900,0.15,1,1,true,609,Trend,P,main
96635,R_3qjRWwvYM7cUb9J,240,140,14,0.087500,0.15,1,1,true,941,Trend,Q,main
96635,R_3qjRWwvYM7cUb9J,241,167,10,0.176300,0.15,1,1,true,599,Trend,Q,main
96635,R_3qjRWwvYM7cUb9J,242,206,14,0.267900,0.15,1,1,true,664,Trend,Q,main
96635,R_3qjRWwvYM7cUb9J,243,42,12,-0.267900,0.15,1,1,true,610,Trend,P,main
96635,R_3qjRWwvYM7cUb9J,244,170,12,0.176300,0.15,1,1,true,699,Trend,Q,main
96635,R_3qjRWwvYM7cUb9J,245,156,22,0.087500,0.15,1,1,true,804,Trend,Q,main
96635,R_3qjRWwvYM7cUb9J,246,53,18,-0.267900,0.15,1,1,true,682,Trend,P,main
96635,R_3qjRWwvYM7cUb9J,247,226,8,0.364000,0.15,1,1,true,958,Trend,Q,main
96635,R_3qjRWwvYM7cUb9J,248,176,16,0.176300,0.15,1,1,true,757,Trend,Q,main
96635,R_3qjRWwvYM7cUb9J,249,73,12,-0.176300,0.15,1,1,true,749,Trend,P,main
96635,R_3qjRWwvYM7cUb9J,250,104,12,-0.087500,0.15,1,1,true,1080,Trend,P,main
96635,R_3qjRWwvYM7cUb9J,251,185,20,0.176300,0.15,1,1,true,585,Trend,Q,main
96635,R_3qjRWwvYM7cUb9J,252,255,22,0.364000,0.15,1,1,true,1234,Trend,Q,main
96635,R_3qjRWwvYM7cUb9J,253,46,14,-0.267900,0.15,1,1,true,623,Trend,P,main
96635,R_3qjRWwvYM7cUb9J,254,168,12,0.176300,0.15,1,1,true,937,Trend,Q,main
96635,R_3qjRWwvYM7cUb9J,255,43,12,-0.267900,0.15,1,1,true,559,Trend,P,main
96635,R_3qjRWwvYM7cUb9J,256,90,20,-0.176300,0.15,1,1,true,784,Trend,P,main
96635,R_3qjRWwvYM7cUb9J,257,162,8,0.176300,0.15,1,1,true,553,Trend,Q,main
96635,R_3qjRWwvYM7cUb9J,258,205,14,0.267900,0.15,1,1,true,586,Trend,Q,main
96635,R_3qjRWwvYM7cUb9J,259,1,8,-0.364000,0.15,1,1,true,711,Trend,P,main
96635,R_3qjRWwvYM7cUb9J,260,61,22,-0.267900,0.15,1,1,true,561,Trend,P,main
96635,R_3qjRWwvYM7cUb9J,261,63,22,-0.267900,0.15,1,1,true,607,Trend,P,main
96635,R_3qjRWwvYM7cUb9J,262,23,18,-0.364000,0.15,1,1,true,580,Trend,P,main
96635,R_3qjRWwvYM7cUb9J,263,92,22,-0.176300,0.15,1,1,true,448,Trend,P,main
96635,R_3qjRWwvYM7cUb9J,264,65,8,-0.176300,0.15,1,1,true,466,Trend,P,main
96635,R_3qjRWwvYM7cUb9J,265,158,22,0.087500,0.15,1,1,true,551,Trend,Q,main
96635,R_3qjRWwvYM7cUb9J,266,123,20,-0.087500,0.15,1,1,true,555,Trend,P,main
96635,R_3qjRWwvYM7cUb9J,267,25,10,-0.087500,0.15,1,1,true,9395,Big/Small,P,training
96635,R_3qjRWwvYM7cUb9J,268,29,18,-0.087500,0.15,1,1,true,757,Big/Small,Q,training
96635,R_3qjRWwvYM7cUb9J,269,12,16,-0.267900,0.15,1,1,true,1130,Big/Small,Q,training
96635,R_3qjRWwvYM7cUb9J,270,42,12,0.176300,0.15,1,1,true,1076,Big/Small,P,training
96635,R_3qjRWwvYM7cUb9J,271,28,16,-0.087500,0.15,1,1,true,1389,Big/Small,Q,training
96635,R_3qjRWwvYM7cUb9J,272,6,20,-0.364000,0.15,1,1,true,618,Big/Small,Q,training
96635,R_3qjRWwvYM7cUb9J,273,19,14,-0.176300,0.15,1,1,true,727,Big/Small,P,training
96635,R_3qjRWwvYM7cUb9J,274,60,16,0.364000,0.15,1,1,true,661,Big/Small,Q,training
96635,R_3qjRWwvYM7cUb9J,275,0,8,-0.364000,0.15,1,1,true,934,Big/Small,P,training
96635,R_3qjRWwvYM7cUb9J,276,17,10,-0.176300,0.15,1,1,true,472,Big/Small,P,training
96635,R_3qjRWwvYM7cUb9J,277,227,8,0.364000,0.15,1,1,true,570,Big/Small,P,main
96635,R_3qjRWwvYM7cUb9J,278,199,10,0.267900,0.15,1,1,true,1021,Big/Small,P,main
96635,R_3qjRWwvYM7cUb9J,279,23,18,-0.364000,0.15,1,1,true,977,Big/Small,Q,main
96635,R_3qjRWwvYM7cUb9J,280,73,12,-0.176300,0.15,1,1,false,704,Big/Small,Q,main
96635,R_3qjRWwvYM7cUb9J,281,209,16,0.267900,0.15,1,1,true,949,Big/Small,Q,main
96635,R_3qjRWwvYM7cUb9J,282,116,18,-0.087500,0.15,1,1,true,843,Big/Small,Q,main
96635,R_3qjRWwvYM7cUb9J,283,65,8,-0.176300,0.15,1,1,true,751,Big/Small,P,main
96635,R_3qjRWwvYM7cUb9J,284,172,14,0.176300,0.15,1,1,false,952,Big/Small,Q,main
96635,R_3qjRWwvYM7cUb9J,285,244,18,0.364000,0.15,1,1,true,1192,Big/Small,Q,main
96635,R_3qjRWwvYM7cUb9J,286,68,10,-0.176300,0.15,1,1,true,680,Big/Small,P,main
96635,R_3qjRWwvYM7cUb9J,287,152,20,0.087500,0.15,1,1,true,681,Big/Small,Q,main
96635,R_3qjRWwvYM7cUb9J,288,30,22,-0.364000,0.15,1,1,true,547,Big/Small,Q,main
96635,R_3qjRWwvYM7cUb9J,289,24,20,-0.364000,0.15,1,1,true,685,Big/Small,Q,main
96635,R_3qjRWwvYM7cUb9J,290,102,10,-0.087500,0.15,1,1,true,614,Big/Small,P,main
96635,R_3qjRWwvYM7cUb9J,291,231,10,0.364000,0.15,1,1,true,1277,Big/Small,P,main
96635,R_3qjRWwvYM7cUb9J,292,20,18,-0.364000,0.15,1,1,true,634,Big/Small,Q,main
96635,R_3qjRWwvYM7cUb9J,293,191,22,0.176300,0.15,1,1,true,956,Big/Small,Q,main
96635,R_3qjRWwvYM7cUb9J,294,216,20,0.267900,0.15,1,1,true,711,Big/Small,Q,main
96635,R_3qjRWwvYM7cUb9J,295,87,18,-0.176300,0.15,1,1,true,736,Big/Small,Q,main
96635,R_3qjRWwvYM7cUb9J,296,95,22,-0.176300,0.15,1,1,true,888,Big/Small,Q,main
96635,R_3qjRWwvYM7cUb9J,297,210,16,0.267900,0.15,1,1,true,835,Big/Small,Q,main
96635,R_3qjRWwvYM7cUb9J,298,206,14,0.267900,0.15,1,1,false,735,Big/Small,Q,main
96635,R_3qjRWwvYM7cUb9J,299,82,16,-0.176300,0.15,1,1,true,1263,Big/Small,Q,main
96635,R_3qjRWwvYM7cUb9J,300,213,18,0.267900,0.15,1,1,true,672,Big/Small,Q,main
96635,R_3qjRWwvYM7cUb9J,301,132,10,0.087500,0.15,1,1,true,1158,Big/Small,P,main
96635,R_3qjRWwvYM7cUb9J,302,220,22,0.267900,0.15,1,1,true,616,Big/Small,Q,main
96635,R_3qjRWwvYM7cUb9J,303,149,18,0.087500,0.15,1,1,true,957,Big/Small,Q,main
96635,R_3qjRWwvYM7cUb9J,304,54,18,-0.267900,0.15,1,1,true,709,Big/Small,Q,main
96635,R_3qjRWwvYM7cUb9J,305,98,8,-0.087500,0.15,1,1,true,663,Big/Small,P,main
96635,R_3qjRWwvYM7cUb9J,306,50,16,-0.267900,0.15,1,1,true,946,Big/Small,Q,main
96635,R_3qjRWwvYM7cUb9J,307,240,16,0.364000,0.15,1,1,true,678,Big/Small,Q,main
96635,R_3qjRWwvYM7cUb9J,308,53,18,-0.267900,0.15,1,1,true,596,Big/Small,Q,main
96635,R_3qjRWwvYM7cUb9J,309,167,10,0.176300,0.15,1,1,true,662,Big/Small,P,main
96635,R_3qjRWwvYM7cUb9J,310,181,18,0.176300,0.15,1,1,true,680,Big/Small,Q,main
96635,R_3qjRWwvYM7cUb9J,311,45,14,-0.267900,0.15,1,1,false,763,Big/Small,Q,main
96635,R_3qjRWwvYM7cUb9J,312,184,20,0.176300,0.15,1,1,true,968,Big/Small,Q,main
96635,R_3qjRWwvYM7cUb9J,313,70,10,-0.176300,0.15,1,1,true,508,Big/Small,P,main
96635,R_3qjRWwvYM7cUb9J,314,111,14,-0.087500,0.15,1,1,true,698,Big/Small,P,main
96635,R_3qjRWwvYM7cUb9J,315,97,8,-0.087500,0.15,1,1,true,563,Big/Small,P,main
96635,R_3qjRWwvYM7cUb9J,316,185,20,0.176300,0.15,1,1,true,527,Big/Small,Q,main
96635,R_3qjRWwvYM7cUb9J,317,56,20,-0.267900,0.15,1,1,true,638,Big/Small,Q,main
96635,R_3qjRWwvYM7cUb9J,318,228,10,0.364000,0.15,1,1,true,730,Big/Small,P,main
96635,R_3qjRWwvYM7cUb9J,319,108,14,-0.087500,0.15,1,1,true,1224,Big/Small,P,main
96635,R_3qjRWwvYM7cUb9J,320,190,22,0.176300,0.15,1,1,true,570,Big/Small,Q,main
96635,R_3qjRWwvYM7cUb9J,321,182,18,0.176300,0.15,1,1,true,784,Big/Small,Q,main
96635,R_3qjRWwvYM7cUb9J,322,117,18,-0.087500,0.15,1,1,true,901,Big/Small,Q,main
96635,R_3qjRWwvYM7cUb9J,323,242,16,0.364000,0.15,1,1,true,825,Big/Small,Q,main
96635,R_3qjRWwvYM7cUb9J,324,157,22,0.087500,0.15,1,1,true,609,Big/Small,Q,main
96635,R_3qjRWwvYM7cUb9J,325,124,22,-0.087500,0.15,1,1,true,940,Big/Small,Q,main
96635,R_3qjRWwvYM7cUb9J,326,193,8,0.267900,0.15,1,1,true,798,Big/Small,P,main
96635,R_3qjRWwvYM7cUb9J,327,58,20,-0.267900,0.15,1,1,true,1056,Big/Small,Q,main
96635,R_3qjRWwvYM7cUb9J,328,203,12,0.267900,0.15,1,1,true,763,Big/Small,P,main
96635,R_3qjRWwvYM7cUb9J,329,254,22,0.364000,0.15,1,1,true,1043,Big/Small,Q,main
96635,R_3qjRWwvYM7cUb9J,330,86,18,-0.176300,0.15,1,1,true,1081,Big/Small,Q,main
96635,R_3qjRWwvYM7cUb9J,331,120,20,-0.087500,0.15,1,1,true,678,Big/Small,Q,main
96635,R_3qjRWwvYM7cUb9J,332,29,22,-0.364000,0.15,1,1,true,859,Big/Small,Q,main
96635,R_3qjRWwvYM7cUb9J,333,64,8,-0.176300,0.15,1,1,true,631,Big/Small,P,main
96635,R_3qjRWwvYM7cUb9J,334,78,14,-0.176300,0.15,1,1,true,1471,Big/Small,P,main
96635,R_3qjRWwvYM7cUb9J,335,245,18,0.364000,0.15,1,1,true,673,Big/Small,Q,main
96635,R_3qjRWwvYM7cUb9J,336,110,14,-0.087500,0.15,1,1,false,684,Big/Small,Q,main
96635,R_3qjRWwvYM7cUb9J,337,173,14,0.176300,0.15,1,1,true,938,Big/Small,P,main
96635,R_3qjRWwvYM7cUb9J,338,211,16,0.267900,0.15,1,1,true,675,Big/Small,Q,main
96635,R_3qjRWwvYM7cUb9J,339,219,20,0.267900,0.15,1,1,true,548,Big/Small,Q,main
96635,R_3qjRWwvYM7cUb9J,340,88,20,-0.176300,0.15,1,1,true,995,Big/Small,Q,main
96635,R_3qjRWwvYM7cUb9J,341,94,22,-0.176300,0.15,1,1,true,754,Big/Small,Q,main
96635,R_3qjRWwvYM7cUb9J,342,186,20,0.176300,0.15,1,1,true,743,Big/Small,Q,main
96635,R_3qjRWwvYM7cUb9J,343,48,16,-0.267900,0.15,1,1,true,954,Big/Small,Q,main
96635,R_3qjRWwvYM7cUb9J,344,253,22,0.364000,0.15,1,1,true,1214,Big/Small,Q,main
96635,R_3qjRWwvYM7cUb9J,345,11,12,-0.364000,0.15,1,1,true,619,Big/Small,P,main
96635,R_3qjRWwvYM7cUb9J,346,248,20,0.364000,0.15,1,1,true,686,Big/Small,Q,main
96635,R_3qjRWwvYM7cUb9J,347,52,18,-0.267900,0.15,1,1,true,1020,Big/Small,Q,main
96635,R_3qjRWwvYM7cUb9J,348,154,20,0.087500,0.15,1,1,true,664,Big/Small,Q,main
96635,R_3qjRWwvYM7cUb9J,349,146,16,0.087500,0.15,1,1,true,847,Big/Small,Q,main
96635,R_3qjRWwvYM7cUb9J,350,136,12,0.087500,0.15,1,1,true,768,Big/Small,P,main
96635,R_3qjRWwvYM7cUb9J,351,104,12,-0.087500,0.15,1,1,true,785,Big/Small,P,main
96635,R_3qjRWwvYM7cUb9J,352,237,14,0.364000,0.15,1,1,false,803,Big/Small,Q,main
96635,R_3qjRWwvYM7cUb9J,353,46,14,-0.267900,0.15,1,1,false,838,Big/Small,Q,main
96635,R_3qjRWwvYM7cUb9J,354,226,8,0.364000,0.15,1,1,true,814,Big/Small,P,main
96635,R_3qjRWwvYM7cUb9J,355,75,12,-0.176300,0.15,1,1,true,569,Big/Small,P,main
96635,R_3qjRWwvYM7cUb9J,356,62,22,-0.267900,0.15,1,1,true,696,Big/Small,Q,main
96635,R_3qjRWwvYM7cUb9J,357,19,16,-0.364000,0.15,1,1,false,962,Big/Small,P,main
96635,R_3qjRWwvYM7cUb9J,358,222,22,0.267900,0.15,1,1,true,1766,Big/Small,Q,main
96635,R_3qjRWwvYM7cUb9J,359,239,14,0.364000,0.15,1,1,false,1016,Big/Small,Q,main
96635,R_3qjRWwvYM7cUb9J,360,16,16,-0.364000,0.15,1,1,true,1000,Big/Small,Q,main
96635,R_3qjRWwvYM7cUb9J,361,15,14,-0.364000,0.15,1,1,false,733,Big/Small,Q,main
96635,R_3qjRWwvYM7cUb9J,362,109,14,-0.087500,0.15,1,1,true,723,Big/Small,P,main
96635,R_3qjRWwvYM7cUb9J,363,36,10,-0.267900,0.15,1,1,true,750,Big/Small,P,main
96635,R_3qjRWwvYM7cUb9J,364,28,22,-0.364000,0.15,1,1,true,553,Big/Small,Q,main
96635,R_3qjRWwvYM7cUb9J,365,66,8,-0.176300,0.15,1,1,true,717,Big/Small,P,main
96635,R_3qjRWwvYM7cUb9J,366,169,12,0.176300,0.15,1,1,true,605,Big/Small,P,main
96635,R_3qjRWwvYM7cUb9J,367,207,14,0.267900,0.15,1,1,false,728,Big/Small,Q,main
96635,R_3qjRWwvYM7cUb9J,368,230,10,0.364000,0.15,1,1,true,610,Big/Small,P,main
96635,R_3qjRWwvYM7cUb9J,369,63,22,-0.267900,0.15,1,1,true,638,Big/Small,Q,main
96635,R_3qjRWwvYM7cUb9J,370,77,14,-0.176300,0.15,1,1,false,942,Big/Small,Q,main
96635,R_3qjRWwvYM7cUb9J,371,247,18,0.364000,0.15,1,1,true,642,Big/Small,Q,main
96635,R_3qjRWwvYM7cUb9J,372,170,12,0.176300,0.15,1,1,true,1344,Big/Small,P,main
96635,R_3qjRWwvYM7cUb9J,373,142,14,0.087500,0.15,1,1,true,788,Big/Small,P,main
96635,R_3qjRWwvYM7cUb9J,374,214,18,0.267900,0.15,1,1,true,664,Big/Small,Q,main
96635,R_3qjRWwvYM7cUb9J,375,113,16,-0.087500,0.15,1,1,true,667,Big/Small,Q,main
96635,R_3qjRWwvYM7cUb9J,376,122,20,-0.087500,0.15,1,1,true,569,Big/Small,Q,main
96635,R_3qjRWwvYM7cUb9J,377,22,18,-0.364000,0.15,1,1,true,803,Big/Small,Q,main
96635,R_3qjRWwvYM7cUb9J,378,135,10,0.087500,0.15,1,1,true,1010,Big/Small,P,main
96635,R_3qjRWwvYM7cUb9J,379,79,14,-0.176300,0.15,1,1,false,1407,Big/Small,Q,main
96635,R_3qjRWwvYM7cUb9J,380,112,16,-0.087500,0.15,1,1,false,819,Big/Small,P,main
96635,R_3qjRWwvYM7cUb9J,381,164,10,0.176300,0.15,1,1,true,660,Big/Small,P,main
96635,R_3qjRWwvYM7cUb9J,382,81,16,-0.176300,0.15,1,1,true,673,Big/Small,Q,main
96635,R_3qjRWwvYM7cUb9J,383,42,12,-0.267900,0.15,1,1,true,1426,Big/Small,P,main
96635,R_3qjRWwvYM7cUb9J,384,179,16,0.176300,0.15,1,1,true,920,Big/Small,Q,main
96635,R_3qjRWwvYM7cUb9J,385,27,20,-0.364000,0.15,1,1,true,603,Big/Small,Q,main
96635,R_3qjRWwvYM7cUb9J,386,119,18,-0.087500,0.15,1,1,true,623,Big/Small,Q,main
96635,R_3qjRWwvYM7cUb9J,387,89,20,-0.176300,0.15,1,1,true,686,Big/Small,Q,main
96635,R_3qjRWwvYM7cUb9J,388,208,16,0.267900,0.15,1,1,true,1008,Big/Small,Q,main
96635,R_3qjRWwvYM7cUb9J,389,3,8,-0.364000,0.15,1,1,true,706,Big/Small,P,main
96635,R_3qjRWwvYM7cUb9J,390,225,8,0.364000,0.15,1,1,true,633,Big/Small,P,main
96635,R_3qjRWwvYM7cUb9J,391,93,22,-0.176300,0.15,1,1,true,686,Big/Small,Q,main
96635,R_3qjRWwvYM7cUb9J,392,197,10,0.267900,0.15,1,1,true,1203,Big/Small,P,main
96635,R_3qjRWwvYM7cUb9J,393,85,18,-0.176300,0.15,1,1,true,743,Big/Small,Q,main
96635,R_3qjRWwvYM7cUb9J,394,72,12,-0.176300,0.15,1,1,true,1167,Big/Small,P,main
96635,R_3qjRWwvYM7cUb9J,395,83,16,-0.176300,0.15,1,1,true,953,Big/Small,Q,main
96635,R_3qjRWwvYM7cUb9J,396,80,16,-0.176300,0.15,1,1,false,1657,Big/Small,P,main
96635,R_3qjRWwvYM7cUb9J,397,205,14,0.267900,0.15,1,1,false,1022,Big/Small,Q,main
96635,R_3qjRWwvYM7cUb9J,398,100,10,-0.087500,0.15,1,1,true,749,Big/Small,P,main
96635,R_3qjRWwvYM7cUb9J,399,84,18,-0.176300,0.15,1,1,true,641,Big/Small,Q,main
96635,R_3qjRWwvYM7cUb9J,400,74,12,-0.176300,0.15,1,1,true,918,Big/Small,P,main
96635,R_3qjRWwvYM7cUb9J,401,153,20,0.087500,0.15,1,1,true,715,Big/Small,Q,main
96635,R_3qjRWwvYM7cUb9J,402,33,8,-0.267900,0.15,1,1,true,557,Big/Small,P,main
96635,R_3qjRWwvYM7cUb9J,403,150,18,0.087500,0.15,1,1,true,776,Big/Small,Q,main
96635,R_3qjRWwvYM7cUb9J,404,151,18,0.087500,0.15,1,1,true,671,Big/Small,Q,main
96635,R_3qjRWwvYM7cUb9J,405,7,10,-0.364000,0.15,1,1,true,1253,Big/Small,P,main
96635,R_3qjRWwvYM7cUb9J,406,128,8,0.087500,0.15,1,1,true,572,Big/Small,P,main
96635,R_3qjRWwvYM7cUb9J,407,134,10,0.087500,0.15,1,1,true,812,Big/Small,P,main
96635,R_3qjRWwvYM7cUb9J,408,137,12,0.087500,0.15,1,1,false,1181,Big/Small,Q,main
96635,R_3qjRWwvYM7cUb9J,409,17,16,-0.364000,0.15,1,1,true,1141,Big/Small,Q,main
96635,R_3qjRWwvYM7cUb9J,410,178,16,0.176300,0.15,1,1,true,699,Big/Small,Q,main
96635,R_3qjRWwvYM7cUb9J,411,139,12,0.087500,0.15,1,1,true,1169,Big/Small,P,main
96635,R_3qjRWwvYM7cUb9J,412,49,16,-0.267900,0.15,1,1,true,1226,Big/Small,Q,main
96635,R_3qjRWwvYM7cUb9J,413,174,14,0.176300,0.15,1,1,true,1042,Big/Small,P,main
96635,R_3qjRWwvYM7cUb9J,414,14,14,-0.364000,0.15,1,1,true,1128,Big/Small,P,main
96635,R_3qjRWwvYM7cUb9J,415,115,16,-0.087500,0.15,1,1,true,845,Big/Small,Q,main
96635,R_3qjRWwvYM7cUb9J,416,171,12,0.176300,0.15,1,1,false,1404,Big/Small,Q,main
96635,R_3qjRWwvYM7cUb9J,417,34,8,-0.267900,0.15,1,1,true,675,Big/Small,P,main
96635,R_3qjRWwvYM7cUb9J,418,241,16,0.364000,0.15,1,1,true,813,Big/Small,Q,main
96635,R_3qjRWwvYM7cUb9J,419,165,10,0.176300,0.15,1,1,true,763,Big/Small,P,main
96635,R_3qjRWwvYM7cUb9J,420,105,12,-0.087500,0.15,1,1,false,1073,Big/Small,Q,main
96635,R_3qjRWwvYM7cUb9J,421,123,20,-0.087500,0.15,1,1,true,556,Big/Small,Q,main
96635,R_3qjRWwvYM7cUb9J,422,31,22,-0.364000,0.15,1,1,true,663,Big/Small,Q,main
96635,R_3qjRWwvYM7cUb9J,423,92,22,-0.176300,0.15,1,1,true,518,Big/Small,Q,main
96635,R_3qjRWwvYM7cUb9J,424,44,14,-0.267900,0.15,1,1,true,897,Big/Small,P,main
96635,R_3qjRWwvYM7cUb9J,425,4,10,-0.364000,0.15,1,1,true,1308,Big/Small,P,main
96635,R_3qjRWwvYM7cUb9J,426,161,8,0.176300,0.15,1,1,true,745,Big/Small,P,main
96635,R_3qjRWwvYM7cUb9J,427,133,10,0.087500,0.15,1,1,true,868,Big/Small,P,main
96635,R_3qjRWwvYM7cUb9J,428,217,20,0.267900,0.15,1,1,true,783,Big/Small,Q,main
96635,R_3qjRWwvYM7cUb9J,429,39,10,-0.267900,0.15,1,1,true,1058,Big/Small,P,main
96635,R_3qjRWwvYM7cUb9J,430,187,20,0.176300,0.15,1,1,true,655,Big/Small,Q,main
96635,R_3qjRWwvYM7cUb9J,431,155,20,0.087500,0.15,1,1,true,527,Big/Small,Q,main
96635,R_3qjRWwvYM7cUb9J,432,40,12,-0.267900,0.15,1,1,false,1303,Big/Small,Q,main
96635,R_3qjRWwvYM7cUb9J,433,69,10,-0.176300,0.15,1,1,true,663,Big/Small,P,main
96635,R_3qjRWwvYM7cUb9J,434,67,8,-0.176300,0.15,1,1,true,683,Big/Small,P,main
96635,R_3qjRWwvYM7cUb9J,435,224,8,0.364000,0.15,1,1,true,856,Big/Small,P,main
96635,R_3qjRWwvYM7cUb9J,436,99,8,-0.087500,0.15,1,1,true,818,Big/Small,P,main
96635,R_3qjRWwvYM7cUb9J,437,90,20,-0.176300,0.15,1,1,true,712,Big/Small,Q,main
96635,R_3qjRWwvYM7cUb9J,438,103,10,-0.087500,0.15,1,1,true,741,Big/Small,P,main
96635,R_3qjRWwvYM7cUb9J,439,238,14,0.364000,0.15,1,1,false,637,Big/Small,Q,main
96635,R_3qjRWwvYM7cUb9J,440,158,22,0.087500,0.15,1,1,true,519,Big/Small,Q,main
96635,R_3qjRWwvYM7cUb9J,441,204,14,0.267900,0.15,1,1,false,682,Big/Small,Q,main
96635,R_3qjRWwvYM7cUb9J,442,246,18,0.364000,0.15,1,1,true,687,Big/Small,Q,main
96635,R_3qjRWwvYM7cUb9J,443,176,16,0.176300,0.15,1,1,true,541,Big/Small,Q,main
96635,R_3qjRWwvYM7cUb9J,444,251,20,0.364000,0.15,1,1,true,493,Big/Small,Q,main
96635,R_3qjRWwvYM7cUb9J,445,114,16,-0.087500,0.15,1,1,true,665,Big/Small,Q,main
96635,R_3qjRWwvYM7cUb9J,446,131,8,0.087500,0.15,1,1,true,568,Big/Small,P,main
96635,R_3qjRWwvYM7cUb9J,447,140,14,0.087500,0.15,1,1,false,859,Big/Small,Q,main
96635,R_3qjRWwvYM7cUb9J,448,55,18,-0.267900,0.15,1,1,true,535,Big/Small,Q,main
96635,R_3qjRWwvYM7cUb9J,449,51,16,-0.267900,0.15,1,1,true,564,Big/Small,Q,main
96635,R_3qjRWwvYM7cUb9J,450,1,8,-0.364000,0.15,1,1,true,594,Big/Small,P,main
96635,R_3qjRWwvYM7cUb9J,451,41,12,-0.267900,0.15,1,1,true,1168,Big/Small,P,main
96635,R_3qjRWwvYM7cUb9J,452,195,8,0.267900,0.15,1,1,true,679,Big/Small,P,main
96635,R_3qjRWwvYM7cUb9J,453,107,12,-0.087500,0.15,1,1,false,1625,Big/Small,Q,main
96635,R_3qjRWwvYM7cUb9J,454,96,8,-0.087500,0.15,1,1,true,736,Big/Small,P,main
96635,R_3qjRWwvYM7cUb9J,455,215,18,0.267900,0.15,1,1,true,640,Big/Small,Q,main
96635,R_3qjRWwvYM7cUb9J,456,145,16,0.087500,0.15,1,1,true,1152,Big/Small,Q,main
96635,R_3qjRWwvYM7cUb9J,457,38,10,-0.267900,0.15,1,1,false,1425,Big/Small,Q,main
96635,R_3qjRWwvYM7cUb9J,458,147,16,0.087500,0.15,1,1,false,1200,Big/Small,P,main
96635,R_3qjRWwvYM7cUb9J,459,138,12,0.087500,0.15,1,1,true,2075,Big/Small,P,main
96635,R_3qjRWwvYM7cUb9J,460,255,22,0.364000,0.15,1,1,true,774,Big/Small,Q,main
96635,R_3qjRWwvYM7cUb9J,461,13,14,-0.364000,0.15,1,1,false,1599,Big/Small,Q,main
96635,R_3qjRWwvYM7cUb9J,462,229,10,0.364000,0.15,1,1,true,1356,Big/Small,P,main
96635,R_3qjRWwvYM7cUb9J,463,232,12,0.364000,0.15,1,1,true,2061,Big/Small,P,main
96635,R_3qjRWwvYM7cUb9J,464,106,12,-0.087500,0.15,1,1,false,774,Big/Small,Q,main
96635,R_3qjRWwvYM7cUb9J,465,200,12,0.267900,0.15,1,1,true,978,Big/Small,P,main
96635,R_3qjRWwvYM7cUb9J,466,221,22,0.267900,0.15,1,1,true,823,Big/Small,Q,main
96635,R_3qjRWwvYM7cUb9J,467,233,12,0.364000,0.15,1,1,false,686,Big/Small,Q,main
96635,R_3qjRWwvYM7cUb9J,468,26,20,-0.364000,0.15,1,1,true,580,Big/Small,Q,main
96635,R_3qjRWwvYM7cUb9J,469,60,22,-0.267900,0.15,1,1,true,786,Big/Small,Q,main
96635,R_3qjRWwvYM7cUb9J,470,43,12,-0.267900,0.15,1,1,true,670,Big/Small,P,main
96635,R_3qjRWwvYM7cUb9J,471,162,8,0.176300,0.15,1,1,true,796,Big/Small,P,main
96635,R_3qjRWwvYM7cUb9J,472,0,8,-0.364000,0.15,1,1,true,571,Big/Small,P,main
96635,R_3qjRWwvYM7cUb9J,473,35,8,-0.267900,0.15,1,1,true,647,Big/Small,P,main
96635,R_3qjRWwvYM7cUb9J,474,189,22,0.176300,0.15,1,1,true,607,Big/Small,Q,main
96635,R_3qjRWwvYM7cUb9J,475,18,16,-0.364000,0.15,1,1,true,587,Big/Small,Q,main
96635,R_3qjRWwvYM7cUb9J,476,25,20,-0.364000,0.15,1,1,true,652,Big/Small,Q,main
96635,R_3qjRWwvYM7cUb9J,477,6,10,-0.364000,0.15,1,1,true,810,Big/Small,P,main
96635,R_3qjRWwvYM7cUb9J,478,250,20,0.364000,0.15,1,1,true,519,Big/Small,Q,main
96635,R_3qjRWwvYM7cUb9J,479,180,18,0.176300,0.15,1,1,true,968,Big/Small,Q,main
96635,R_3qjRWwvYM7cUb9J,480,177,16,0.176300,0.15,1,1,true,713,Big/Small,Q,main
96635,R_3qjRWwvYM7cUb9J,481,61,22,-0.267900,0.15,1,1,true,644,Big/Small,Q,main
96635,R_3qjRWwvYM7cUb9J,482,12,14,-0.364000,0.15,1,1,false,501,Big/Small,Q,main
96635,R_3qjRWwvYM7cUb9J,483,223,22,0.267900,0.15,1,1,true,445,Big/Small,Q,main
96635,R_3qjRWwvYM7cUb9J,484,148,18,0.087500,0.15,1,1,true,474,Big/Small,Q,main
96635,R_3qjRWwvYM7cUb9J,485,141,14,0.087500,0.15,1,1,false,686,Big/Small,Q,main
96635,R_3qjRWwvYM7cUb9J,486,166,10,0.176300,0.15,1,1,true,1144,Big/Small,P,main
96635,R_3qjRWwvYM7cUb9J,487,129,8,0.087500,0.15,1,1,true,645,Big/Small,P,main
96635,R_3qjRWwvYM7cUb9J,488,59,20,-0.267900,0.15,1,1,true,525,Big/Small,Q,main
96635,R_3qjRWwvYM7cUb9J,489,194,8,0.267900,0.15,1,1,true,610,Big/Small,P,main
96635,R_3qjRWwvYM7cUb9J,490,76,14,-0.176300,0.15,1,1,false,505,Big/Small,Q,main
96635,R_3qjRWwvYM7cUb9J,491,192,8,0.267900,0.15,1,1,true,645,Big/Small,P,main
96635,R_3qjRWwvYM7cUb9J,492,121,20,-0.087500,0.15,1,1,true,544,Big/Small,Q,main
96635,R_3qjRWwvYM7cUb9J,493,8,12,-0.364000,0.15,1,1,false,719,Big/Small,Q,main
96635,R_3qjRWwvYM7cUb9J,494,249,20,0.364000,0.15,1,1,true,669,Big/Small,Q,main
96635,R_3qjRWwvYM7cUb9J,495,144,16,0.087500,0.15,1,1,true,1116,Big/Small,Q,main
96635,R_3qjRWwvYM7cUb9J,496,127,22,-0.087500,0.15,1,1,true,702,Big/Small,Q,main
96635,R_3qjRWwvYM7cUb9J,497,212,18,0.267900,0.15,1,1,true,525,Big/Small,Q,main
96635,R_3qjRWwvYM7cUb9J,498,91,20,-0.176300,0.15,1,1,true,598,Big/Small,Q,main
96635,R_3qjRWwvYM7cUb9J,499,9,12,-0.364000,0.15,1,1,true,675,Big/Small,P,main
96635,R_3qjRWwvYM7cUb9J,500,5,10,-0.364000,0.15,1,1,true,612,Big/Small,P,main
96635,R_3qjRWwvYM7cUb9J,501,198,10,0.267900,0.15,1,1,true,550,Big/Small,P,main
96635,R_3qjRWwvYM7cUb9J,502,2,8,-0.364000,0.15,1,1,true,763,Big/Small,P,main
96635,R_3qjRWwvYM7cUb9J,503,188,22,0.176300,0.15,1,1,true,623,Big/Small,Q,main
96635,R_3qjRWwvYM7cUb9J,504,175,14,0.176300,0.15,1,1,false,950,Big/Small,Q,main
96635,R_3qjRWwvYM7cUb9J,505,234,12,0.364000,0.15,1,1,false,838,Big/Small,Q,main
96635,R_3qjRWwvYM7cUb9J,506,37,10,-0.267900,0.15,1,1,true,804,Big/Small,P,main
96635,R_3qjRWwvYM7cUb9J,507,163,8,0.176300,0.15,1,1,true,847,Big/Small,P,main
96635,R_3qjRWwvYM7cUb9J,508,168,12,0.176300,0.15,1,1,false,1127,Big/Small,Q,main
96635,R_3qjRWwvYM7cUb9J,509,236,14,0.364000,0.15,1,1,true,1243,Big/Small,P,main
96635,R_3qjRWwvYM7cUb9J,510,201,12,0.267900,0.15,1,1,true,738,Big/Small,P,main
96635,R_3qjRWwvYM7cUb9J,511,130,8,0.087500,0.15,1,1,true,976,Big/Small,P,main
96635,R_3qjRWwvYM7cUb9J,512,235,12,0.364000,0.15,1,1,false,1007,Big/Small,Q,main
96635,R_3qjRWwvYM7cUb9J,513,196,10,0.267900,0.15,1,1,true,840,Big/Small,P,main
96635,R_3qjRWwvYM7cUb9J,514,159,22,0.087500,0.15,1,1,true,606,Big/Small,Q,main
96635,R_3qjRWwvYM7cUb9J,515,47,14,-0.267900,0.15,1,1,false,1387,Big/Small,Q,main
96635,R_3qjRWwvYM7cUb9J,516,71,10,-0.176300,0.15,1,1,true,761,Big/Small,P,main
96635,R_3qjRWwvYM7cUb9J,517,10,12,-0.364000,0.15,1,1,false,1091,Big/Small,Q,main
96635,R_3qjRWwvYM7cUb9J,518,202,12,0.267900,0.15,1,1,false,1290,Big/Small,Q,main
96635,R_3qjRWwvYM7cUb9J,519,21,18,-0.364000,0.15,1,1,true,1156,Big/Small,Q,main
96635,R_3qjRWwvYM7cUb9J,520,32,8,-0.267900,0.15,1,1,true,970,Big/Small,P,main
96635,R_3qjRWwvYM7cUb9J,521,101,10,-0.087500,0.15,1,1,true,1233,Big/Small,P,main
96635,R_3qjRWwvYM7cUb9J,522,160,8,0.176300,0.15,1,1,true,897,Big/Small,P,main
96635,R_3qjRWwvYM7cUb9J,523,118,18,-0.087500,0.15,1,1,true,665,Big/Small,Q,main
96635,R_3qjRWwvYM7cUb9J,524,126,22,-0.087500,0.15,1,1,true,635,Big/Small,Q,main
96635,R_3qjRWwvYM7cUb9J,525,125,22,-0.087500,0.15,1,1,true,571,Big/Small,Q,main
96635,R_3qjRWwvYM7cUb9J,526,183,18,0.176300,0.15,1,1,true,758,Big/Small,Q,main
96635,R_3qjRWwvYM7cUb9J,527,243,16,0.364000,0.15,1,1,true,1022,Big/Small,Q,main
96635,R_3qjRWwvYM7cUb9J,528,57,20,-0.267900,0.15,1,1,true,737,Big/Small,Q,main
96635,R_3qjRWwvYM7cUb9J,529,252,22,0.364000,0.15,1,1,true,703,Big/Small,Q,main
96635,R_3qjRWwvYM7cUb9J,530,218,20,0.267900,0.15,1,1,true,748,Big/Small,Q,main
96635,R_3qjRWwvYM7cUb9J,531,143,14,0.087500,0.15,1,1,true,967,Big/Small,P,main
96635,R_3qjRWwvYM7cUb9J,532,156,22,0.087500,0.15,1,1,true,666,Big/Small,Q,main
